primary_track,program_duration_days,placed,employment_status,highest_level_of_education,length_of_job_search,biggest_challenge_in_search,professional_experience,work_authorization_status,number_of_interviews,number_of_applications,gender,race,cohort_tag_month,cohort_tag_fortnight
1,0.0,0,2,4,3,1,3,2,0.0,0,2,2,1,1
3,0.0,0,0,0,3,2,3,2,5.0,25,2,1,1,1
4,89.0,1,5,0,0,5,0,4,10.0,100,2,2,1,0
4,0.0,0,1,4,0,8,1,5,5.0,100,2,2,1,0
4,0.0,0,1,4,3,4,1,5,0.0,9,2,0,1,1
4,19.0,0,2,0,3,2,0,2,4.0,15,1,3,1,0
4,13.0,0,1,4,3,2,1,2,0.0,10,2,0,11,0
3,0.0,0,5,4,0,5,0,8,0.0,3,2,3,1,1
0,158.0,0,5,4,1,6,2,2,5.0,50,2,1,1,2
1,12.0,0,0,0,2,4,0,5,3.0,10,2,4,10,0
3,52.0,0,2,0,0,6,3,2,4.0,40,2,6,10,0
0,13.0,0,1,0,0,2,0,2,0.0,70,2,3,1,0
4,11.0,0,4,4,1,5,1,4,1.0,9,2,0,9,0
4,93.0,0,0,0,2,5,0,2,1.0,10,1,2,1,0
3,193.0,1,5,4,2,5,0,2,5.0,4,2,6,9,1
1,0.0,0,0,7,0,5,1,5,0.0,20,0,2,9,1
4,12.0,0,5,0,1,8,2,2,0.0,20,1,2,9,0
3,0.0,0,1,0,2,5,3,2,1.0,45,2,6,4,0
1,13.0,0,5,4,0,4,0,4,0.0,110,1,3,4,1
4,73.0,1,4,4,3,1,0,3,0.0,1,2,2,9,0
4,286.0,0,4,0,0,5,0,4,0.0,15,1,2,9,0
4,5.0,0,4,5,2,1,2,2,5.0,30,1,8,4,1
0,19.0,0,4,4,3,0,1,4,3.0,9,1,2,9,0
1,7.0,0,0,4,0,5,0,2,6.0,80,1,2,2,0
4,83.0,1,1,4,1,2,2,4,1.0,15,2,5,9,0
3,0.0,0,4,4,0,5,0,4,0.0,25,1,7,4,0
3,13.0,0,5,0,2,3,1,2,1.0,60,1,2,4,0
3,12.0,0,5,0,0,5,1,2,3.0,100,2,3,1,1
4,14.0,0,1,0,3,3,3,4,0.0,50,1,7,1,0
4,16.0,0,1,0,3,5,3,2,0.0,35,2,1,1,0
1,15.0,0,5,0,3,8,3,2,2.0,7,2,6,5,1
4,76.0,1,4,4,3,2,1,4,0.0,30,1,2,1,0
4,26.0,0,4,4,0,8,1,4,7.0,6,0,7,10,0
4,0.0,0,4,1,3,2,1,2,5.0,60,1,2,0,0
4,0.0,0,4,0,0,0,3,5,2.0,2,2,7,4,0
4,0.0,0,5,5,1,8,3,2,10.0,50,1,1,1,1
1,0.0,0,5,0,1,2,0,2,1.0,80,1,6,11,0
0,223.0,1,1,5,3,4,2,2,1.0,2,1,2,10,0
4,65.0,1,5,0,0,4,0,4,0.0,0,1,0,11,2
0,305.0,1,4,0,1,5,0,2,1.0,70,2,7,10,1
4,187.0,1,0,0,0,8,3,4,1.0,4,2,8,4,0
0,142.0,1,4,4,0,5,0,4,4.0,7,1,6,7,0
0,101.0,1,3,0,2,2,0,4,0.0,15,1,7,3,0
4,266.0,1,1,0,0,4,3,2,1.0,20,2,2,3,1
4,170.0,1,1,4,1,5,0,2,5.0,3,2,7,0,0
4,332.0,1,4,0,1,2,0,2,0.0,8,2,7,1,0
4,0.0,0,4,4,3,5,3,2,1.0,6,1,6,3,0
4,153.0,1,0,0,3,5,2,2,1.0,30,2,7,2,0
4,156.0,1,5,0,1,6,0,2,1.0,4,2,7,2,0
4,27.0,0,0,0,4,5,1,0,2.0,3,1,7,4,0
4,143.0,1,4,0,0,2,1,8,1.0,40,2,4,7,1
4,73.0,1,4,4,0,2,3,2,2.0,15,2,2,4,1
4,243.0,1,4,0,3,2,0,8,5.0,4,2,3,4,0
1,0.0,0,4,4,2,5,0,10,0.0,3,1,7,7,0
1,178.0,1,3,4,0,5,1,2,3.0,80,1,2,7,1
0,233.0,0,2,0,0,5,0,5,1.0,15,2,7,7,1
1,45.0,1,0,4,0,2,0,2,1.0,140,1,2,3,0
4,192.0,1,4,4,3,6,0,10,3.0,80,1,7,2,0
1,87.0,1,4,1,3,0,1,8,5.0,35,2,6,4,0
4,243.0,1,5,4,0,5,1,2,3.0,25,1,0,2,0
4,271.0,1,4,0,2,2,1,2,0.0,80,2,7,1,0
4,129.0,1,4,0,0,6,3,4,4.0,10,2,7,4,0
4,110.0,1,3,4,0,3,3,10,2.0,40,2,7,4,0
4,36.0,1,3,0,3,1,1,10,2.0,20,2,6,2,0
4,317.0,1,2,4,2,6,1,2,4.0,35,1,4,10,0
4,10.0,1,3,1,3,3,2,4,0.0,10,2,6,10,0
4,171.0,0,4,0,3,5,2,4,1.0,10,0,2,10,1
4,62.0,1,4,0,3,5,1,2,0.0,4,2,2,11,2
4,69.0,1,4,4,0,8,0,8,0.0,7,2,2,10,0
4,177.0,1,4,0,2,6,1,4,1.0,2,2,4,10,0
4,37.0,1,5,4,1,1,1,10,0.0,70,2,7,4,1
4,38.0,1,4,4,1,8,3,2,1.0,70,2,7,7,0
4,274.0,0,1,0,1,8,0,4,1.0,20,1,2,2,0
4,284.0,0,4,0,0,2,1,9,7.0,3,2,2,11,2
0,178.0,1,1,0,0,8,0,0,6.0,5,1,7,0,0
4,59.0,1,4,5,0,6,3,4,1.0,70,1,2,2,0
4,16.0,0,5,1,0,3,0,2,4.0,45,2,7,6,1
4,97.0,1,0,0,4,3,3,2,3.0,45,1,2,11,1
4,144.0,1,4,4,0,8,3,4,1.0,15,2,3,9,0
0,47.0,1,4,0,0,6,1,4,1.0,4,1,2,7,1
3,234.0,1,1,5,3,6,0,4,2.0,0,2,7,4,0
4,24.0,0,5,0,3,5,0,2,1.0,70,2,6,11,0
4,296.0,0,3,4,2,5,4,10,3.0,15,0,7,11,1
4,170.0,0,1,4,3,6,0,4,1.0,15,2,7,4,1
1,184.0,0,1,5,3,5,3,4,0.0,0,2,3,4,0
0,282.0,0,0,5,0,3,0,4,0.0,10,1,6,11,2
4,310.0,0,4,4,3,6,1,4,1.0,60,2,2,11,0
1,163.0,1,4,4,0,3,2,4,6.0,6,1,2,7,0
4,177.0,1,4,0,0,2,3,3,6.0,60,1,7,11,2
4,72.0,0,0,4,1,2,0,4,1.0,20,0,2,0,1
4,240.0,0,4,4,0,4,0,2,0.0,60,2,6,9,0
4,93.0,0,4,4,0,3,3,2,1.0,15,1,2,0,0
3,268.0,0,4,4,4,1,1,4,0.0,140,2,2,10,0
4,110.0,1,3,0,1,8,1,2,0.0,20,2,7,10,0
1,219.0,0,4,0,0,2,4,3,2.0,60,2,8,2,0
1,156.0,0,4,7,3,5,3,4,1.0,70,0,7,3,0
4,53.0,1,4,0,3,5,2,2,10.0,30,1,6,10,1
4,128.0,0,2,4,3,2,0,2,2.0,190,1,3,7,0
3,0.0,0,4,0,3,1,1,10,1.0,30,1,2,10,0
4,137.0,0,4,0,3,6,3,2,1.0,80,2,6,2,0
4,13.0,0,3,0,0,5,3,4,0.0,30,2,8,8,0
4,116.0,1,4,0,3,6,3,5,0.0,3,1,2,11,1
4,272.0,1,5,0,3,1,0,5,3.0,80,2,7,10,1
4,107.0,1,0,4,2,0,1,2,0.0,25,2,2,10,0
4,184.0,0,1,4,2,5,2,2,1.0,25,2,7,4,0
4,128.0,0,5,0,3,2,1,7,0.0,7,2,7,7,0
5,32.0,0,2,0,3,5,4,0,2.0,10,0,2,7,1
3,296.0,0,1,0,0,8,3,4,0.0,5,2,7,11,1
4,19.0,1,2,0,1,5,3,3,4.0,40,2,7,10,1
4,135.0,1,5,0,0,2,1,4,4.0,10,2,7,10,0
4,97.0,1,4,0,3,5,0,2,2.0,20,2,6,10,1
4,48.0,1,2,4,4,4,3,2,1.0,80,2,2,11,0
0,156.0,0,5,0,0,2,1,4,0.0,45,0,2,3,0
3,254.0,0,0,4,3,6,0,4,6.0,9,0,6,10,1
4,40.0,1,5,5,1,5,0,10,1.0,35,2,3,10,1
1,142.0,0,5,4,3,5,4,2,2.0,45,2,6,3,1
4,41.0,1,5,4,1,2,1,2,0.0,10,2,7,1,0
4,123.0,1,3,0,3,3,0,2,0.0,40,2,2,10,0
3,296.0,0,4,0,3,9,0,10,2.0,40,0,8,11,1
3,184.0,0,0,5,3,6,3,2,2.0,5,2,7,4,0
4,219.0,0,4,0,1,7,3,10,0.0,10,2,2,2,0
4,170.0,0,3,4,0,5,3,4,1.0,110,0,1,4,1
4,310.0,0,5,1,3,1,1,1,1.0,60,1,0,11,0
4,87.0,1,4,0,1,9,0,10,3.0,7,2,7,1,0
4,47.0,1,2,1,1,5,1,6,1.0,70,2,6,11,0
4,206.0,0,5,0,0,3,3,4,0.0,8,1,6,11,1
1,151.0,0,1,0,4,5,4,6,5.0,70,2,6,7,1
4,195.0,1,4,0,4,5,0,3,0.0,50,2,4,4,0
4,185.0,0,2,0,0,3,3,4,0.0,60,2,8,9,0
4,18.0,1,3,1,0,2,3,8,2.0,6,2,6,2,0
1,150.0,1,5,0,3,2,1,4,5.0,0,1,6,3,0
4,128.0,1,5,0,0,5,3,2,0.0,25,0,7,5,0
0,250.0,1,4,4,4,6,0,2,4.0,3,2,2,11,0
3,0.0,0,0,0,2,4,1,2,0.0,8,1,6,7,1
4,37.0,1,5,4,4,5,3,5,2.0,20,2,6,3,0
4,67.0,1,1,0,1,5,0,2,0.0,15,2,2,6,1
1,20.0,0,4,4,0,5,1,4,3.0,15,2,7,6,1
4,83.0,1,5,0,2,3,3,4,0.0,6,1,2,5,0
4,2.0,0,3,0,2,5,2,4,5.0,15,2,7,5,0
4,0.0,0,4,0,0,5,0,6,2.0,30,2,6,5,0
4,0.0,0,3,4,1,2,0,2,1.0,120,2,6,7,1
1,139.0,1,1,0,1,3,1,4,1.0,130,1,7,4,0
4,79.0,1,0,4,0,5,0,4,0.0,25,2,7,3,0
4,72.0,1,5,0,3,5,2,8,0.0,20,2,2,1,2
4,110.0,1,1,0,0,5,3,0,0.0,15,2,7,0,0
4,241.0,0,1,4,1,1,0,4,1.0,90,1,6,11,1
4,250.0,1,4,0,3,5,3,5,0.0,35,2,6,9,0
4,119.0,1,4,0,0,2,1,2,1.0,1,2,2,1,0
4,143.0,1,1,0,1,5,1,0,0.0,2,2,7,4,1
0,0.0,0,3,0,0,6,2,4,3.0,35,1,3,7,0
0,247.0,1,2,4,3,1,1,4,1.0,30,1,2,10,0
4,53.0,1,4,0,1,5,3,2,0.0,15,1,7,7,0
4,181.0,1,5,4,0,1,3,2,1.0,10,2,6,3,0
1,0.0,0,1,0,1,1,3,2,1.0,80,1,2,7,0
4,81.0,1,2,0,0,5,0,0,0.0,8,2,7,4,1
0,95.0,1,5,0,1,2,3,5,3.0,90,2,6,9,0
4,145.0,1,2,4,0,4,3,4,1.0,50,2,2,2,0
4,360.0,1,4,1,0,2,0,5,0.0,190,2,6,9,0
3,303.0,1,5,5,2,3,1,4,0.0,6,2,6,11,0
1,68.0,1,1,0,3,5,2,4,0.0,7,1,7,4,0
1,0.0,0,1,7,3,5,0,2,0.0,4,2,2,4,1
4,41.0,1,4,0,3,5,0,2,2.0,15,2,7,4,1
4,234.0,0,2,0,3,8,1,2,7.0,25,2,2,3,1
3,114.0,1,4,0,1,3,0,4,1.0,10,2,6,10,0
1,430.0,0,1,0,3,0,3,2,0.0,6,1,7,2,0
4,186.0,1,1,0,1,5,3,5,0.0,0,1,2,9,0
4,208.0,1,5,0,0,1,0,2,0.0,10,2,2,11,0
4,234.0,1,4,4,0,8,3,2,1.0,35,2,3,2,0
4,232.0,1,1,0,3,5,1,2,0.0,45,2,2,11,1
4,150.0,1,1,0,0,2,0,2,5.0,6,2,4,2,0
4,111.0,1,4,4,0,9,0,3,0.0,120,2,7,5,0
0,138.0,1,5,0,4,8,3,2,1.0,25,1,2,10,0
4,217.0,1,4,7,1,2,3,4,3.0,130,2,6,1,0
1,31.0,0,4,0,4,5,4,10,1.0,0,0,2,5,1
0,274.0,0,4,0,1,3,0,4,0.0,5,1,2,7,0
4,520.0,0,4,4,1,1,2,2,4.0,15,2,0,10,0
4,202.0,1,4,0,3,8,0,2,1.0,40,1,7,10,1
3,160.0,1,5,4,3,6,3,5,0.0,190,1,0,4,0
1,88.0,1,4,0,0,6,1,2,0.0,7,2,6,3,0
4,276.0,0,1,4,3,9,0,3,1.0,35,1,7,1,0
4,59.0,1,1,5,1,5,1,2,1.0,90,2,2,0,0
4,194.0,1,2,4,1,2,1,2,2.0,15,2,7,4,1
4,101.0,1,0,0,3,2,2,4,5.0,70,2,7,3,0
1,145.0,1,4,0,0,1,1,5,0.0,45,1,2,0,0
4,44.0,1,3,5,3,5,1,2,0.0,15,2,6,4,1
4,18.0,0,4,1,3,5,0,2,0.0,7,1,2,6,1
4,179.0,1,4,5,0,2,3,2,2.0,60,2,2,3,0
4,145.0,1,4,0,3,5,0,4,1.0,45,1,6,9,0
0,75.0,1,3,0,0,3,3,4,1.0,30,1,2,7,1
1,181.0,1,1,0,3,2,1,2,3.0,120,1,6,6,0
1,47.0,1,3,1,1,8,0,2,2.0,20,2,7,7,0
0,0.0,0,1,0,3,8,3,4,1.0,60,2,6,2,0
4,145.0,1,1,4,1,0,0,4,1.0,15,1,6,3,1
4,495.0,1,4,0,0,5,0,2,1.0,10,2,7,0,0
0,86.0,1,2,0,3,1,2,4,0.0,6,2,2,4,1
1,248.0,1,2,0,3,6,1,2,0.0,90,1,6,7,0
4,515.0,1,0,4,0,5,2,2,0.0,10,2,2,3,0
4,478.0,0,0,0,3,5,2,5,4.0,15,0,2,11,1
4,242.0,1,4,4,3,5,4,3,0.0,25,1,6,6,0
3,11.0,0,4,4,3,5,0,4,0.0,9,0,2,6,1
4,254.0,0,4,0,3,3,0,4,1.0,35,1,7,10,1
4,254.0,0,4,0,2,5,0,4,1.0,20,2,2,10,1
4,136.0,1,4,0,3,5,0,5,2.0,70,1,7,11,2
4,254.0,0,4,4,3,5,4,2,0.0,10,2,2,10,1
3,254.0,0,3,4,0,5,0,2,1.0,5,2,7,10,1
4,26.0,0,1,0,2,9,1,4,1.0,9,2,7,0,1
4,142.0,0,1,0,3,8,3,2,3.0,4,1,2,3,1
3,128.0,0,5,0,3,3,3,4,1.0,25,1,2,7,0
3,156.0,0,1,0,4,8,3,4,0.0,8,2,2,3,0
0,282.0,0,3,0,0,5,2,6,4.0,15,0,0,11,2
4,282.0,0,1,0,3,0,4,5,1.0,20,2,4,11,2
4,184.0,0,4,4,2,5,0,2,0.0,10,1,2,4,0
1,83.0,1,3,0,0,5,0,2,1.0,50,1,6,4,0
1,59.0,1,1,4,0,8,0,0,0.0,9,1,6,11,2
4,401.0,0,4,4,3,1,1,4,0.0,10,2,2,6,0
4,101.0,1,3,0,1,2,0,2,5.0,50,2,2,7,0
4,244.0,1,5,0,0,5,3,4,0.0,9,2,6,0,0
4,75.0,1,3,0,1,5,0,4,2.0,60,1,7,0,1
4,58.0,1,1,4,2,6,2,2,0.0,0,2,6,0,1
4,52.0,1,5,4,3,0,0,2,3.0,40,2,3,8,0
4,317.0,1,2,4,0,5,0,2,1.0,40,2,2,8,0
4,436.0,1,5,7,2,5,0,2,2.0,3,2,2,6,0
4,73.0,1,5,0,4,1,3,2,0.0,15,2,7,6,0
4,354.0,0,4,4,0,5,1,10,4.0,30,2,7,6,0
4,94.0,1,2,5,3,2,0,2,3.0,3,2,7,6,0
4,420.0,0,5,0,1,4,2,10,0.0,35,0,7,6,0
4,354.0,0,5,0,2,2,0,2,0.0,60,2,2,6,0
4,283.0,1,4,4,3,2,3,2,1.0,4,2,7,6,0
4,332.0,1,4,4,1,4,3,4,6.0,45,2,8,1,0
4,285.0,0,3,7,3,2,3,2,1.0,15,2,6,1,0
4,254.0,1,1,0,0,5,1,4,0.0,45,2,7,1,0
4,60.0,1,4,4,0,8,0,2,1.0,1,1,4,1,0
0,458.0,0,3,1,0,4,1,8,1.0,35,0,2,11,0
4,207.0,1,4,3,3,1,2,2,0.0,25,1,7,11,0
4,209.0,1,1,0,0,5,3,8,1.0,6,2,6,11,0
4,319.0,0,5,0,0,5,1,2,2.0,5,2,3,11,1
0,246.0,0,5,1,0,1,3,10,2.0,30,0,0,11,1
4,345.0,0,1,0,1,5,4,2,0.0,7,2,4,11,1
4,325.0,1,5,4,3,5,0,2,0.0,35,2,2,11,2
0,249.0,1,5,0,0,6,3,10,6.0,4,2,7,11,2
4,298.0,1,0,0,2,2,1,2,4.0,50,2,2,10,0
4,269.0,1,5,4,1,2,3,10,0.0,140,2,6,10,0
4,0.0,0,4,1,0,5,1,2,3.0,150,1,6,10,1
4,226.0,1,3,0,2,5,0,4,0.0,10,2,7,10,1
4,41.0,1,4,4,3,6,0,10,1.0,4,2,6,10,1
4,54.0,1,1,0,0,3,1,4,2.0,15,2,6,10,1
4,263.0,1,2,0,3,5,0,2,0.0,9,1,2,9,0
4,306.0,0,5,0,3,5,0,4,1.0,8,2,2,9,0
0,347.0,0,3,0,2,6,0,3,3.0,20,1,7,9,0
4,166.0,1,5,4,0,6,3,3,0.0,0,2,6,9,0
4,206.0,0,3,4,3,1,2,2,0.0,40,2,2,9,0
0,272.0,0,1,0,0,8,2,2,6.0,8,2,7,9,0
4,277.0,1,5,4,0,5,0,5,1.0,50,2,2,2,0
0,89.0,1,3,0,3,4,3,2,4.0,35,2,2,2,0
1,305.0,0,4,0,0,3,1,10,3.0,70,2,7,2,0
4,81.0,1,1,0,0,0,0,2,2.0,15,1,6,2,0
4,174.0,1,1,0,4,8,2,2,1.0,70,2,7,2,0
4,230.0,1,0,0,1,1,3,0,2.0,15,2,2,2,0
4,94.0,1,4,4,0,8,3,5,0.0,50,2,2,4,0
1,129.0,0,4,0,1,5,0,2,1.0,10,1,6,4,0
4,0.0,0,5,4,0,4,3,4,0.0,70,2,6,4,0
4,163.0,1,4,0,3,3,3,4,0.0,15,2,6,4,0
4,214.0,1,5,0,3,3,0,2,0.0,9,2,2,4,0
3,512.0,0,4,0,0,4,0,4,0.0,25,1,8,4,0
4,83.0,1,2,2,2,6,1,8,1.0,20,2,7,4,0
4,227.0,1,5,0,3,7,3,4,2.0,3,2,2,4,0
4,276.0,0,1,0,0,4,3,2,0.0,20,1,0,4,0
4,86.0,1,5,0,3,5,2,2,0.0,10,2,2,4,0
4,434.0,0,1,0,1,3,0,3,1.0,15,2,6,4,0
4,24.0,1,1,0,0,4,3,5,1.0,30,1,4,4,1
4,138.0,1,5,0,3,6,2,2,0.0,10,2,6,1,1
4,94.0,1,2,4,0,5,3,4,1.0,160,2,3,4,1
4,225.0,0,1,4,1,4,0,2,1.0,35,2,6,4,1
1,286.0,0,4,4,0,3,3,5,5.0,4,2,6,4,1
4,221.0,1,4,4,3,8,2,10,3.0,80,2,2,4,1
4,0.0,0,3,0,3,1,3,4,1.0,35,1,6,4,1
4,62.0,1,5,4,3,5,1,10,1.0,10,2,7,3,0
3,76.0,1,5,4,2,6,2,2,0.0,25,2,6,3,0
0,87.0,0,4,0,3,5,3,6,3.0,15,1,7,3,1
4,174.0,1,5,0,3,2,1,2,6.0,15,2,2,3,1
4,298.0,1,5,5,0,8,0,5,4.0,15,2,8,3,1
4,143.0,1,2,0,1,3,1,5,0.0,40,2,8,3,1
4,177.0,1,5,0,0,5,3,4,0.0,20,2,7,3,1
4,293.0,1,4,1,0,5,0,4,4.0,70,2,7,3,1
4,177.0,1,4,0,3,6,0,10,4.0,20,2,6,7,0
4,142.0,1,2,4,1,5,3,4,0.0,4,2,6,7,0
4,106.0,1,1,0,0,6,0,5,2.0,4,2,2,7,0
4,284.0,0,3,2,0,5,1,4,2.0,15,1,2,7,0
4,0.0,0,4,0,3,5,3,5,0.0,15,2,7,7,0
1,300.0,0,5,0,1,4,3,4,0.0,25,2,2,4,0
4,37.0,1,4,4,0,5,2,8,1.0,20,2,6,4,0
4,95.0,1,3,0,3,2,2,8,0.0,30,2,6,4,0
1,300.0,0,4,0,0,6,0,4,1.0,20,1,2,4,1
1,122.0,1,1,0,0,8,2,6,1.0,50,1,6,3,0
0,207.0,1,5,1,0,5,0,4,5.0,60,1,2,3,0
1,110.0,0,5,0,0,5,0,4,1.0,60,2,2,3,0
4,99.0,1,1,0,3,3,3,0,1.0,80,2,2,8,0
4,0.0,0,2,4,1,5,0,4,0.0,8,2,2,7,0
0,261.0,0,5,0,3,6,1,3,0.0,5,2,6,7,0
4,9.0,1,1,4,3,8,3,5,0.0,15,2,8,7,0
4,107.0,1,0,0,1,5,1,4,0.0,5,2,6,7,0
4,451.0,0,4,4,1,2,1,6,1.0,5,2,4,7,0
4,86.0,1,4,0,3,2,1,2,5.0,3,2,2,7,1
1,272.0,1,2,4,0,5,3,4,2.0,90,2,2,7,1
4,141.0,0,1,0,1,4,1,2,2.0,190,2,6,7,1
4,222.0,0,1,1,1,5,1,2,2.0,40,2,2,10,0
4,101.0,1,2,0,1,5,1,4,4.0,50,2,2,7,1
4,0.0,0,4,0,3,5,1,5,2.0,2,2,6,7,1
4,86.0,1,2,0,0,6,2,8,0.0,25,2,6,0,0
0,142.0,1,0,0,1,5,0,2,2.0,30,1,7,0,0
4,115.0,1,4,0,0,2,1,10,2.0,5,2,7,0,0
4,170.0,1,5,0,3,6,3,10,2.0,10,2,0,0,0
3,249.0,0,5,0,3,3,1,2,1.0,100,2,2,0,0
4,9.0,1,5,0,0,8,3,5,0.0,4,1,0,0,0
1,139.0,1,3,0,2,6,1,10,1.0,40,2,2,0,1
4,73.0,1,5,0,0,5,3,4,0.0,10,2,2,0,1
1,226.0,1,5,4,0,8,1,2,1.0,25,2,2,0,1
4,208.0,1,4,4,3,4,0,2,6.0,60,2,7,0,1
4,156.0,1,1,4,1,5,1,4,3.0,10,2,6,0,1
1,0.0,0,0,0,0,5,4,2,1.0,25,1,6,8,0
4,159.0,1,1,1,1,2,3,4,0.0,50,2,2,8,0
4,0.0,0,1,4,0,5,0,2,1.0,5,2,2,6,0
4,122.0,1,0,4,2,5,3,4,1.0,15,2,7,6,0
1,20.0,0,3,0,3,1,0,4,2.0,15,0,7,6,1
1,14.0,0,5,0,3,6,3,4,0.0,3,1,2,11,1
4,0.0,0,4,5,0,8,1,4,5.0,6,2,2,4,0
4,18.0,0,4,4,4,5,1,2,1.0,20,0,1,10,0
4,7.0,0,4,4,1,2,0,4,0.0,15,1,7,4,0
4,0.0,0,4,0,1,3,0,2,5.0,10,2,2,1,2
1,82.0,1,2,4,0,5,0,8,2.0,30,1,2,1,2
0,0.0,0,1,4,1,8,0,4,2.0,20,1,2,11,1
0,19.0,0,0,0,3,6,3,4,4.0,35,2,2,1,2
4,59.0,1,4,0,3,5,0,4,8.0,20,2,7,10,0
0,137.0,1,5,5,2,3,3,4,7.0,70,2,2,1,2
4,143.0,0,2,0,4,4,1,2,1.0,10,2,3,1,2
4,0.0,0,5,5,2,5,0,2,4.0,50,2,6,11,0
4,28.0,1,1,4,0,5,1,4,0.0,10,2,7,9,1
3,144.0,0,1,4,0,6,0,4,1.0,50,1,7,10,0
0,100.0,1,1,0,3,3,4,4,2.0,7,2,2,1,2
4,13.0,0,1,4,1,5,3,2,4.0,0,2,0,11,0
1,14.0,0,2,4,4,6,1,2,3.0,50,2,2,10,0
4,220.0,0,0,5,3,1,0,4,0.0,70,2,2,8,1
4,26.0,0,4,0,3,5,4,4,0.0,10,2,2,10,0
4,0.0,0,1,4,1,8,3,5,0.0,2,1,0,5,1
3,13.0,0,1,4,3,6,0,4,10.0,30,2,2,11,0
4,107.0,1,4,4,1,5,1,4,1.0,30,2,2,1,0
4,0.0,0,0,4,0,1,1,2,1.0,2,2,6,1,0
4,0.0,0,1,1,3,2,0,2,0.0,20,2,8,4,0
1,10.0,0,0,0,2,6,1,2,1.0,15,2,6,4,1
1,123.0,1,5,0,0,5,0,4,1.0,100,2,2,11,0
3,16.0,0,5,5,0,1,0,2,0.0,9,2,2,9,1
0,14.0,0,5,4,0,6,0,5,1.0,10,2,7,11,1
4,3.0,0,2,4,1,5,3,4,3.0,6,2,2,2,0
4,0.0,0,0,0,1,6,0,2,10.0,100,2,8,11,1
4,38.0,1,2,0,1,2,3,2,11.0,50,2,1,1,1
4,13.0,0,5,4,3,5,0,2,5.0,60,0,7,11,0
4,69.0,1,5,0,3,5,0,4,1.0,45,2,7,5,1
1,0.0,0,5,0,3,3,0,2,1.0,25,0,1,5,1
3,15.0,0,4,0,3,5,3,2,1.0,40,0,2,5,1
1,199.0,0,3,7,3,2,0,10,3.0,2,1,6,5,1
4,117.0,1,1,4,1,2,3,2,1.0,20,2,2,5,1
4,28.0,0,4,0,0,2,4,4,0.0,15,1,2,2,0
0,12.0,0,4,0,0,5,3,4,6.0,60,2,7,2,0
3,48.0,0,5,0,0,5,2,4,2.0,100,2,2,11,0
4,14.0,0,0,0,0,8,0,2,0.0,6,2,7,5,1
4,15.0,0,4,4,0,0,2,2,4.0,50,2,6,5,1
4,0.0,0,1,1,0,8,4,6,2.0,20,1,2,3,1
3,0.0,0,4,5,3,2,4,4,0.0,10,2,2,10,0
4,76.0,1,5,4,0,5,1,2,2.0,50,2,8,11,1
4,83.0,1,0,0,3,8,0,2,0.0,0,1,3,11,0
0,0.0,0,5,0,1,5,2,5,1.0,150,1,2,11,1
0,12.0,0,1,7,0,5,0,4,0.0,20,1,2,9,0
4,14.0,0,4,1,3,5,0,2,0.0,25,2,2,9,1
4,82.0,1,0,4,0,5,0,2,0.0,0,2,8,5,1
4,46.0,1,4,0,0,5,0,4,0.0,160,2,2,10,0
4,0.0,0,1,4,0,5,0,4,0.0,10,2,7,4,0
1,5.0,0,4,4,3,5,1,10,1.0,7,2,7,5,1
3,12.0,0,1,0,2,5,1,8,0.0,8,2,0,9,0
4,2.0,0,4,0,0,3,3,2,5.0,10,2,2,4,0
4,0.0,0,1,0,3,4,0,6,4.0,7,2,6,9,0
4,94.0,1,2,0,0,8,1,2,0.0,10,1,3,10,0
4,42.0,0,0,0,4,2,4,2,0.0,170,2,0,9,0
3,0.0,0,1,0,3,1,4,3,5.0,4,1,6,4,0
4,19.0,0,4,0,3,5,1,3,0.0,45,2,2,10,1
4,0.0,0,4,0,0,5,0,5,1.0,30,2,2,9,0
0,57.0,1,4,0,0,6,2,2,2.0,70,1,6,10,1
4,0.0,0,2,7,1,8,3,8,5.0,30,2,3,9,0
4,0.0,0,4,4,3,5,3,4,0.0,6,1,6,9,0
0,15.0,0,5,0,0,3,1,4,0.0,9,2,7,10,1
4,34.0,0,5,4,1,2,2,4,1.0,35,2,7,10,1
4,46.0,0,4,4,3,8,3,8,0.0,3,2,8,4,0
0,12.0,0,0,0,3,5,4,4,0.0,50,1,2,9,0
1,0.0,0,5,0,2,3,3,2,0.0,60,0,1,2,0
3,0.0,0,2,0,3,5,3,2,3.0,7,1,2,4,0
4,0.0,0,5,0,0,6,1,5,0.0,60,2,6,10,1
4,0.0,0,4,0,1,5,1,4,0.0,10,2,2,4,1
3,14.0,0,1,0,0,1,1,2,1.0,100,2,0,11,1
4,274.0,1,1,0,3,2,2,4,2.0,20,2,2,11,1
1,38.0,0,5,5,3,1,3,10,0.0,4,1,7,1,1
4,1.0,0,5,4,0,6,1,1,0.0,4,0,2,1,1
4,14.0,0,5,0,3,2,1,2,3.0,40,1,2,1,2
4,0.0,0,4,0,3,3,0,4,3.0,50,1,2,1,1
3,12.0,0,5,5,3,5,1,2,0.0,9,2,3,4,1
1,0.0,0,2,4,3,1,4,2,0.0,3,1,2,11,1
3,0.0,0,1,0,1,5,0,2,3.0,10,1,8,11,1
3,8.0,0,4,0,3,8,3,6,5.0,25,2,2,1,1
4,0.0,0,4,0,4,5,0,2,1.0,20,2,6,11,0
3,0.0,0,5,1,0,2,4,2,3.0,50,1,6,9,1
4,31.0,0,1,0,0,5,0,5,0.0,25,1,2,1,2
3,0.0,0,5,7,3,3,0,4,4.0,40,2,2,1,2
3,0.0,0,0,4,3,9,3,2,1.0,6,2,0,1,2
3,0.0,0,5,4,3,5,0,1,0.0,15,2,6,11,0
3,0.0,0,4,0,3,5,3,3,0.0,50,2,2,1,2
4,0.0,0,5,0,3,5,0,4,0.0,7,2,2,1,2
4,14.0,0,1,5,3,5,4,2,0.0,4,1,1,1,2
4,24.0,1,4,5,0,8,3,4,1.0,130,2,4,1,2
4,38.0,1,5,5,4,5,3,2,5.0,100,2,2,1,2
1,38.0,1,5,0,3,5,2,2,0.0,30,2,6,11,1
4,107.0,1,4,0,3,6,0,2,3.0,35,2,7,1,0
4,14.0,0,3,1,3,4,1,10,1.0,160,2,6,1,0
3,19.0,0,2,0,0,1,4,2,3.0,10,2,2,1,1
3,0.0,0,5,4,3,5,1,10,2.0,90,1,2,1,1
3,2.0,0,0,4,1,6,1,2,2.0,50,2,8,1,1
3,0.0,0,4,0,1,0,3,2,0.0,0,1,0,2,0
4,97.0,1,2,4,4,3,3,4,4.0,40,0,2,1,1
4,111.0,1,4,4,2,1,1,2,0.0,6,2,7,1,1
1,0.0,0,5,5,0,5,1,4,0.0,60,2,6,1,1
4,9.0,0,5,0,3,1,1,2,0.0,0,2,2,1,2
3,69.0,1,2,4,1,5,1,2,5.0,20,0,7,1,2
4,0.0,0,4,0,1,3,2,2,1.0,8,1,2,4,0
3,0.0,0,1,0,1,2,2,2,7.0,7,1,2,4,0
4,0.0,0,4,4,2,5,1,4,1.0,8,1,7,3,0
3,0.0,0,1,0,3,1,1,2,0.0,0,1,6,1,2
1,60.0,0,4,4,0,2,1,4,3.0,60,1,2,2,0
4,0.0,0,5,0,3,4,0,2,0.0,3,2,6,7,0
4,8.0,0,5,4,2,5,1,4,4.0,9,2,7,4,1
4,11.0,0,5,0,0,6,0,2,0.0,25,2,2,9,0
4,13.0,0,1,5,3,6,3,4,10.0,30,2,2,1,0
4,0.0,0,5,4,1,9,0,4,1.0,1,1,2,1,0
4,114.0,1,5,0,0,5,0,5,4.0,50,2,3,1,0
4,45.0,1,4,0,0,4,3,8,1.0,50,2,2,11,1
4,20.0,1,1,0,0,3,2,2,0.0,8,2,8,11,1
4,13.0,0,4,0,3,4,4,3,3.0,30,1,2,11,1
4,0.0,0,5,4,4,2,0,2,5.0,30,2,0,11,1
1,0.0,0,5,5,3,5,0,2,0.0,15,2,6,1,1
1,122.0,1,5,0,4,2,4,2,8.0,150,1,0,11,1
0,13.0,0,1,4,3,2,1,4,0.0,0,2,2,11,0
4,16.0,1,5,0,1,6,2,2,7.0,90,2,2,11,1
4,32.0,1,4,0,0,3,0,4,3.0,150,2,2,11,1
4,0.0,1,1,0,3,2,0,5,1.0,8,2,7,9,0
0,9.0,0,4,0,3,1,1,8,0.0,30,1,3,4,1
4,72.0,0,1,4,1,5,2,2,1.0,10,0,2,0,1
0,254.0,0,1,4,2,4,2,2,2.0,8,2,2,10,1
4,184.0,0,5,4,1,5,0,4,0.0,70,2,7,4,0
3,39.0,1,5,0,3,1,3,10,2.0,25,2,6,11,1
4,268.0,0,5,0,2,8,3,2,4.0,15,0,2,10,0
0,107.0,1,2,4,0,3,3,2,1.0,25,2,7,10,0
1,219.0,0,4,7,3,8,2,6,1.0,160,2,2,2,0
4,65.0,1,5,3,3,5,0,10,0.0,20,2,7,1,0
4,9.0,0,4,4,3,5,0,2,1.0,4,1,3,6,1
4,268.0,0,1,0,1,7,0,2,0.0,8,0,7,10,0
4,0.0,0,2,1,0,5,0,4,0.0,25,2,6,1,2
3,219.0,0,5,0,1,6,3,2,0.0,25,1,7,2,0
3,296.0,0,4,0,3,5,0,2,5.0,60,1,2,11,1
4,170.0,0,3,0,3,2,0,3,4.0,25,2,2,4,1
4,82.0,1,5,0,1,2,1,2,6.0,40,2,7,2,0
4,203.0,1,0,0,0,6,0,2,1.0,170,2,6,8,0
4,54.0,1,0,5,0,5,1,2,2.0,80,2,8,8,0
4,196.0,1,4,0,3,5,1,2,0.0,5,2,7,11,2
4,210.0,1,4,7,1,8,0,2,0.0,25,2,7,0,0
4,74.0,1,2,0,1,7,3,4,1.0,7,2,2,4,0
4,142.0,1,5,4,0,5,0,2,4.0,20,2,2,8,0
4,489.0,0,4,0,1,2,3,10,3.0,15,2,6,8,0
4,0.0,0,2,0,2,5,4,0,0.0,3,1,4,6,0
4,9.0,0,4,4,0,5,3,2,5.0,25,2,7,5,0
4,118.0,1,1,0,3,5,2,2,1.0,3,1,2,4,0
4,73.0,1,5,0,0,5,0,2,0.0,50,2,2,7,0
4,11.0,1,4,0,2,2,3,2,5.0,20,2,7,10,0
0,202.0,1,0,0,1,5,1,0,0.0,7,1,2,10,0
4,192.0,1,4,4,1,8,1,5,2.0,4,2,6,10,0
4,163.0,1,2,4,0,4,1,2,2.0,70,2,6,9,0
4,173.0,1,4,4,3,5,1,5,1.0,2,1,6,2,0
4,20.0,1,5,0,0,4,3,2,0.0,60,2,2,2,0
4,115.0,1,0,0,0,8,1,2,3.0,2,2,2,4,0
4,106.0,1,3,2,3,5,3,10,5.0,10,1,6,3,0
4,73.0,1,2,1,3,5,2,2,0.0,5,2,7,3,0
4,332.0,1,5,4,1,8,0,4,1.0,60,2,7,7,0
4,543.0,1,1,4,0,6,3,2,0.0,40,2,2,7,0
4,120.0,1,3,4,3,8,1,4,3.0,110,2,3,7,0
4,275.0,1,3,1,0,4,0,2,0.0,15,1,6,7,0
4,277.0,1,0,0,0,5,0,8,4.0,15,2,2,7,0
4,410.0,0,2,0,1,5,3,1,2.0,70,2,2,0,1
4,359.0,0,4,4,1,1,4,10,7.0,50,0,7,0,1
4,109.0,1,5,4,3,5,1,5,3.0,60,2,7,0,1
4,515.0,0,4,4,1,5,4,2,2.0,20,0,8,0,1
4,52.0,1,0,5,2,4,0,2,0.0,20,2,7,0,1
4,47.0,1,4,4,0,2,2,10,1.0,10,2,7,0,1
4,128.0,1,4,0,0,5,3,2,4.0,25,2,0,8,0
4,286.0,1,5,1,3,3,4,10,0.0,25,2,3,8,0
4,320.0,1,5,4,1,3,0,2,1.0,3,2,4,11,1
4,290.0,1,1,0,3,3,1,2,11.0,20,2,7,11,1
4,310.0,1,5,7,0,8,1,4,1.0,25,2,7,11,1
4,247.0,1,3,0,3,5,1,10,0.0,15,2,7,11,2
4,292.0,1,1,0,0,5,3,5,2.0,150,2,7,10,0
0,331.0,1,4,0,3,6,3,2,1.0,25,2,7,10,0
4,199.0,0,4,0,1,5,1,2,0.0,35,2,2,10,1
4,114.0,1,5,4,1,5,2,2,0.0,50,2,2,1,2
4,303.0,1,0,0,1,1,0,2,2.0,30,2,3,3,0
4,198.0,1,3,4,3,5,1,5,4.0,50,2,3,3,0
4,472.0,1,2,0,3,2,3,4,1.0,15,2,2,3,0
4,91.0,1,5,0,1,5,2,10,5.0,15,2,2,7,0
4,84.0,1,3,0,0,5,0,2,2.0,35,1,7,7,0
4,456.0,1,4,4,1,3,2,6,3.0,6,1,6,0,0
4,270.0,1,1,0,1,0,0,2,1.0,0,2,4,11,0
4,31.0,1,1,4,3,5,0,3,1.0,15,2,6,11,1
4,34.0,1,1,0,1,6,0,2,0.0,15,2,2,11,2
1,179.0,1,0,4,0,5,2,5,5.0,7,2,6,11,2
1,192.0,1,5,4,3,0,4,4,0.0,3,2,7,11,2
4,440.0,1,5,0,3,6,4,4,0.0,5,2,2,10,1
4,80.0,1,4,4,1,6,0,4,4.0,40,1,7,10,1
4,125.0,1,1,1,3,2,0,0,0.0,25,1,2,10,1
4,356.0,1,5,0,1,5,1,3,2.0,20,2,2,9,0
0,227.0,0,5,0,3,5,0,10,2.0,30,2,2,9,0
4,167.0,1,5,7,3,0,3,2,0.0,0,2,6,2,0
4,209.0,1,3,0,0,2,0,5,0.0,30,1,2,2,0
4,188.0,1,3,0,0,6,0,2,0.0,15,2,7,2,0
4,272.0,1,5,0,3,5,3,4,5.0,70,2,2,4,0
1,145.0,1,4,4,3,2,1,2,4.0,2,1,6,4,0
0,227.0,0,1,0,1,5,3,3,2.0,15,2,2,4,0
4,339.0,1,5,0,0,2,0,2,0.0,80,2,8,4,0
4,286.0,0,0,4,2,8,0,6,3.0,9,2,6,4,1
4,291.0,1,4,7,3,3,3,4,1.0,15,2,6,10,0
4,507.0,0,3,0,3,5,3,2,1.0,50,0,6,10,1
4,0.0,0,4,0,3,1,0,2,4.0,50,2,7,9,0
4,0.0,0,4,0,2,5,4,2,4.0,30,2,8,9,0
4,0.0,0,5,4,1,1,0,2,3.0,30,2,2,2,0
4,48.0,1,2,0,0,6,3,2,4.0,50,2,6,2,0
4,121.0,1,1,0,3,3,0,0,1.0,140,2,6,2,0
4,108.0,1,1,4,1,5,2,2,1.0,45,2,6,2,0
4,139.0,1,5,4,3,8,0,4,7.0,160,2,7,8,0
4,91.0,1,1,7,3,2,3,2,0.0,15,2,2,6,0
4,178.0,1,3,0,1,5,1,2,0.0,5,2,7,6,0
4,183.0,1,5,0,0,5,0,2,0.0,2,1,3,6,0
4,228.0,0,4,4,0,2,3,4,0.0,0,2,1,10,1
4,422.0,0,4,4,3,5,3,4,4.0,60,1,7,2,0
4,95.0,0,0,0,0,5,4,5,5.0,50,2,6,4,1
4,154.0,1,4,5,3,4,0,2,0.0,30,1,7,3,0
4,253.0,1,4,5,3,5,0,3,0.0,50,2,2,3,0
4,162.0,1,4,1,0,5,0,5,1.0,1,2,7,7,0
4,58.0,1,1,0,0,4,0,0,0.0,25,2,6,7,0
4,55.0,1,5,0,2,5,2,6,11.0,20,1,7,8,0
4,170.0,1,5,0,0,5,0,2,2.0,30,1,2,2,0
4,74.0,1,4,5,3,3,2,4,0.0,8,2,6,11,0
4,221.0,1,4,0,0,5,0,4,5.0,0,2,2,11,2
4,40.0,1,2,2,3,8,3,5,2.0,60,1,6,7,1
4,97.0,1,5,4,3,5,1,10,1.0,170,2,4,7,0
4,121.0,1,0,4,1,2,2,0,1.0,190,2,6,0,0
4,27.0,1,5,0,1,8,3,10,0.0,15,2,6,2,0
4,74.0,1,5,0,1,8,0,2,1.0,10,2,6,4,0
1,68.0,1,3,0,1,3,0,10,0.0,8,1,2,0,0
4,10.0,1,4,4,0,5,0,2,0.0,10,2,2,4,0
4,86.0,1,3,0,1,5,0,2,0.0,50,2,3,3,0
4,78.0,1,4,0,3,2,0,4,3.0,70,2,2,3,0
4,129.0,1,5,4,0,4,0,2,1.0,10,1,2,3,0
4,193.0,1,4,0,2,2,0,2,2.0,10,2,2,7,0
4,85.0,1,3,0,1,6,0,4,1.0,25,2,2,7,0
4,489.0,1,4,4,1,3,0,2,2.0,40,2,2,0,0
4,77.0,1,2,4,3,5,0,4,2.0,10,2,6,0,0
4,125.0,1,5,0,1,8,0,2,0.0,30,2,6,0,0
4,65.0,1,4,0,3,5,1,1,0.0,10,2,7,0,0
4,465.0,0,4,4,3,2,3,6,0.0,50,2,7,0,1
4,61.0,1,3,4,0,2,1,3,1.0,50,2,7,0,1
4,548.0,1,2,0,3,1,0,2,6.0,15,2,6,0,1
4,362.0,1,1,0,3,3,0,2,1.0,60,2,7,6,0
4,464.0,0,4,4,0,6,0,2,1.0,3,2,7,6,0
4,0.0,0,4,0,1,9,3,4,2.0,30,2,2,1,0
4,159.0,1,1,0,2,5,0,5,1.0,8,2,6,1,0
4,114.0,1,4,4,3,6,0,2,1.0,4,2,7,1,0
4,185.0,1,4,4,3,6,3,4,0.0,100,2,7,11,0
4,61.0,1,4,0,1,5,3,4,1.0,150,2,6,4,1
4,191.0,1,1,7,2,7,1,2,5.0,10,1,2,4,1
0,242.0,1,3,7,1,5,0,5,1.0,25,2,2,11,1
4,68.0,1,4,0,3,5,3,4,4.0,7,2,6,3,0
0,56.0,1,1,0,3,8,1,8,0.0,15,2,7,3,0
1,224.0,1,3,0,4,5,0,4,0.0,30,2,7,3,1
4,167.0,1,5,5,0,8,1,4,1.0,2,0,7,6,1
4,45.0,1,1,5,0,2,3,0,0.0,90,2,6,4,0
4,34.0,1,1,5,1,8,0,2,4.0,40,1,7,4,1
4,75.0,1,4,0,3,5,0,8,0.0,20,1,2,3,0
4,110.0,1,2,0,3,5,1,2,3.0,15,2,7,4,0
4,201.0,1,4,1,0,2,1,10,0.0,25,2,7,0,0
4,419.0,1,5,4,3,2,1,3,0.0,15,2,7,0,0
4,395.0,1,4,5,0,5,0,5,1.0,30,2,7,0,1
4,254.0,1,3,4,3,2,1,2,1.0,3,2,7,0,1
4,61.0,1,4,0,3,8,0,9,4.0,80,2,4,0,1
4,94.0,1,3,4,1,5,0,2,5.0,10,2,6,8,0
4,93.0,1,5,4,2,9,0,2,2.0,7,2,7,6,0
4,124.0,1,5,0,2,5,1,4,4.0,110,2,7,6,0
3,61.0,1,2,0,0,8,0,4,0.0,25,1,6,6,0
4,236.0,1,2,4,2,5,2,4,1.0,30,2,7,1,0
4,234.0,1,4,0,0,5,3,4,0.0,40,2,2,11,0
4,307.0,1,1,0,0,2,4,4,0.0,10,2,6,11,1
4,213.0,0,2,4,3,5,0,3,0.0,50,2,0,10,0
1,37.0,1,3,1,2,5,1,4,3.0,10,2,0,3,0
4,254.0,0,1,0,3,3,3,8,0.0,10,2,7,10,1
4,52.0,1,4,4,4,5,1,3,0.0,30,2,6,4,0
0,128.0,0,4,4,2,5,3,8,2.0,10,1,3,7,0
4,240.0,0,3,0,0,5,2,2,1.0,90,0,6,9,0
4,130.0,1,5,4,1,8,3,2,0.0,15,2,6,2,0
3,142.0,0,2,5,0,6,0,2,2.0,30,1,2,3,1
4,310.0,0,2,5,0,5,1,4,0.0,25,2,2,11,0
0,184.0,0,3,0,3,2,3,4,0.0,5,2,2,4,0
4,58.0,1,1,0,0,1,0,2,11.0,10,2,8,4,0
1,142.0,0,4,4,1,2,3,2,5.0,80,2,2,3,1
4,107.0,1,1,0,1,5,3,2,4.0,15,2,2,2,0
4,101.0,1,4,5,3,5,1,5,2.0,70,2,4,2,0
4,240.0,0,5,4,1,1,4,2,6.0,90,0,2,9,0
4,219.0,0,4,0,3,5,0,5,5.0,9,0,0,2,0
3,254.0,0,0,2,1,8,4,2,2.0,20,2,2,10,1
4,79.0,1,4,0,0,8,0,10,0.0,0,2,3,1,0
4,20.0,0,5,7,0,5,2,2,1.0,35,1,2,6,1
4,4.0,0,3,0,3,5,1,6,1.0,15,0,3,6,0
4,0.0,0,5,4,2,5,2,2,1.0,15,0,2,3,0
1,17.0,0,5,4,0,2,1,2,1.0,15,2,2,6,1
1,208.0,0,1,1,1,5,0,2,1.0,100,2,2,4,0
3,0.0,0,4,4,1,2,3,4,1.0,60,2,7,4,1
4,7.0,0,4,4,1,2,2,3,0.0,9,0,7,1,0
4,109.0,1,4,4,3,5,0,3,2.0,150,1,2,1,0
4,94.0,1,5,0,3,3,0,10,6.0,3,2,2,7,0
4,72.0,1,2,0,1,5,0,2,6.0,8,1,6,3,0
4,331.0,0,5,0,1,8,0,4,1.0,9,2,1,1,0
3,296.0,0,5,0,3,2,2,2,6.0,7,1,2,11,1
4,282.0,0,4,4,3,5,3,5,2.0,20,0,7,11,2
4,254.0,0,2,0,1,4,0,1,1.0,35,2,7,10,1
1,254.0,0,2,4,3,8,4,5,1.0,0,1,7,10,1
4,152.0,1,2,0,3,5,3,0,4.0,3,1,2,10,1
4,75.0,1,5,0,0,5,0,10,1.0,7,2,7,6,0
4,80.0,0,2,0,1,5,3,2,1.0,90,2,2,6,0
4,125.0,1,3,0,1,3,3,2,1.0,25,1,6,6,0
4,20.0,0,2,4,3,5,2,9,5.0,10,1,2,6,1
4,186.0,1,4,0,1,5,0,2,0.0,25,2,2,8,0
3,135.0,0,0,0,3,5,0,2,1.0,35,2,4,6,1
4,17.0,0,4,4,0,1,0,2,0.0,10,2,7,6,1
4,195.0,1,1,0,0,1,3,4,0.0,0,2,3,9,0
1,266.0,1,5,4,3,5,0,10,2.0,60,1,2,1,0
4,156.0,1,4,0,2,0,3,2,0.0,40,2,6,0,0
1,72.0,0,5,0,1,8,2,2,1.0,15,2,7,0,0
4,19.0,0,4,4,0,8,4,3,1.0,10,2,6,0,1
1,72.0,0,4,2,1,3,3,2,1.0,70,1,2,0,1
4,17.0,0,5,7,3,3,3,4,6.0,100,1,7,0,1
4,13.0,0,0,4,1,7,4,3,0.0,20,2,2,8,0
4,13.0,0,5,4,3,1,0,4,4.0,6,2,6,8,0
4,13.0,0,5,4,4,5,0,4,6.0,70,0,2,8,1
1,235.0,1,4,4,1,5,0,4,1.0,90,2,3,4,1
1,331.0,1,4,4,3,5,0,2,1.0,40,1,6,10,1
0,0.0,0,4,0,1,5,0,5,0.0,4,2,7,7,0
4,84.0,1,2,1,3,4,3,2,1.0,35,2,2,7,0
0,502.0,0,1,0,1,6,1,8,0.0,30,2,6,11,1
1,0.0,0,4,4,1,5,3,10,4.0,45,2,8,8,0
4,153.0,1,5,1,3,0,0,4,7.0,30,1,2,0,1
4,73.0,1,4,0,0,1,2,2,1.0,2,2,3,11,1
3,16.0,1,3,0,0,2,1,2,10.0,80,2,6,10,0
4,174.0,1,1,4,1,2,0,2,1.0,20,2,3,10,1
4,184.0,0,4,0,4,2,0,2,7.0,15,0,6,4,0
3,19.0,1,5,0,3,4,0,8,0.0,15,1,6,4,0
1,170.0,0,1,0,0,8,3,5,1.0,60,2,2,4,1
4,156.0,0,3,4,4,5,4,10,1.0,50,1,2,3,0
4,40.0,0,3,4,3,4,1,2,2.0,70,2,2,0,0
4,523.0,0,1,7,2,5,2,5,5.0,5,2,3,8,0
4,365.0,0,3,0,1,6,3,2,1.0,8,2,2,6,0
3,331.0,0,3,4,0,5,0,4,0.0,20,0,2,1,0
4,228.0,0,2,0,3,5,1,5,4.0,40,2,6,11,0
4,282.0,0,4,0,3,5,0,10,1.0,15,0,6,11,2
4,282.0,0,5,4,3,5,1,2,0.0,60,2,2,11,2
4,74.0,1,1,5,2,3,3,2,2.0,2,2,2,1,0
4,51.0,1,5,0,0,6,0,2,0.0,110,2,6,6,1
0,221.0,1,1,4,0,5,1,4,2.0,7,2,2,10,1
4,138.0,1,5,4,0,5,3,2,0.0,1,2,3,4,0
4,60.0,1,2,4,1,5,1,2,5.0,170,2,4,3,1
4,130.0,1,2,1,4,2,1,2,4.0,2,1,2,9,0
4,92.0,1,4,4,3,1,0,2,0.0,1,2,6,8,0
4,110.0,1,1,0,0,3,1,0,4.0,35,2,7,4,0
4,90.0,1,2,4,0,2,2,6,1.0,50,2,6,3,1
1,149.0,0,4,0,2,5,4,2,0.0,35,1,6,6,0
1,219.0,1,5,4,0,5,1,10,1.0,4,1,6,7,0
0,129.0,1,2,0,4,6,0,6,1.0,15,2,7,7,0
0,177.0,1,2,3,3,5,0,4,5.0,70,2,2,0,0
4,167.0,1,1,0,3,0,3,0,0.0,5,1,2,2,0
3,250.0,0,1,0,3,1,3,5,2.0,25,0,1,6,0
4,103.0,1,5,4,3,3,1,4,0.0,15,2,7,11,0
4,63.0,1,4,0,0,5,1,5,1.0,70,2,2,3,0
4,110.0,1,5,4,0,6,0,2,0.0,9,2,6,1,0
3,45.0,1,4,4,1,6,3,8,7.0,25,2,6,11,0
4,72.0,1,3,0,1,2,3,4,3.0,45,2,6,11,0
4,103.0,1,5,0,3,8,3,5,1.0,10,2,6,11,2
4,83.0,1,4,3,3,8,0,2,4.0,25,2,2,11,2
4,35.0,1,3,0,3,5,0,2,2.0,80,2,7,10,0
4,52.0,1,3,5,3,3,1,2,0.0,110,1,2,10,0
4,72.0,1,1,4,3,2,2,3,1.0,35,2,7,2,0
3,13.0,0,3,0,4,8,0,2,1.0,60,1,3,8,1
4,19.0,0,5,4,0,6,2,2,1.0,160,1,7,6,1
4,93.0,1,1,0,3,6,0,4,2.0,15,2,7,4,0
1,313.0,1,0,1,2,1,3,4,1.0,25,1,2,1,0
4,0.0,0,0,4,0,6,3,2,1.0,9,2,2,4,0
4,319.0,1,2,4,0,4,3,2,1.0,8,2,7,2,0
0,185.0,0,3,1,3,2,0,2,4.0,15,1,7,9,0
4,97.0,1,5,4,0,5,1,2,0.0,8,2,7,0,0
4,64.0,1,4,4,1,1,1,2,1.0,180,2,6,11,2
4,332.0,1,1,4,3,2,0,2,6.0,170,2,8,4,0
4,177.0,1,2,0,0,8,3,2,3.0,15,2,6,10,0
4,0.0,0,5,0,0,5,0,4,3.0,25,2,2,10,1
4,109.0,1,0,0,0,2,1,2,2.0,10,2,2,2,0
4,184.0,0,4,4,0,6,4,2,1.0,15,0,3,4,0
4,282.0,0,4,4,0,1,3,4,1.0,130,2,7,11,2
4,282.0,0,4,0,2,4,1,4,0.0,30,2,0,11,2
4,268.0,0,4,4,0,3,3,2,1.0,7,0,6,10,0
4,191.0,0,0,0,3,5,1,2,0.0,30,2,6,10,0
0,268.0,0,4,4,1,5,0,4,1.0,20,1,6,10,0
4,268.0,0,4,0,3,2,3,4,0.0,3,2,2,10,0
4,268.0,0,4,4,4,8,0,2,4.0,25,2,7,10,0
4,268.0,0,3,5,0,5,1,4,5.0,0,2,6,10,0
4,70.0,1,4,4,1,5,0,2,2.0,35,1,7,10,0
4,254.0,0,1,0,3,5,0,2,1.0,30,0,0,10,1
4,254.0,0,5,0,2,3,3,4,6.0,45,1,7,10,1
1,240.0,0,0,4,2,9,3,3,4.0,7,0,3,9,0
4,59.0,1,5,0,2,5,0,3,3.0,80,2,7,3,0
1,45.0,1,4,4,0,3,0,2,0.0,20,1,7,6,0
3,342.0,1,4,0,0,4,1,2,0.0,20,2,7,10,1
4,0.0,0,5,4,3,3,0,5,0.0,15,2,2,4,0
3,110.0,1,1,1,3,8,0,2,1.0,15,1,2,8,1
1,263.0,1,1,0,1,5,3,2,0.0,160,1,2,3,0
4,142.0,0,0,4,3,5,0,0,6.0,70,0,6,2,0
4,164.0,0,5,0,0,2,0,4,4.0,25,1,2,2,0
3,342.0,1,5,4,3,5,3,2,1.0,45,1,7,4,0
4,79.0,1,1,1,3,5,3,2,0.0,40,1,6,4,1
1,0.0,0,5,4,3,5,0,4,4.0,15,2,3,3,0
0,354.0,0,4,0,2,2,3,4,0.0,180,2,2,10,1
4,370.0,1,1,7,1,5,1,4,2.0,45,2,0,2,0
4,160.0,1,5,0,3,1,3,4,5.0,50,1,8,9,0
4,180.0,1,2,0,3,6,1,0,1.0,5,2,6,10,1
4,47.0,1,4,0,0,6,0,5,0.0,60,1,7,10,0
4,32.0,1,5,0,3,6,2,4,0.0,70,2,6,1,0
0,30.0,1,3,2,3,4,3,5,7.0,1,2,4,4,0
1,293.0,0,5,4,3,6,2,2,7.0,25,2,2,4,1
1,101.0,0,5,5,1,5,2,5,6.0,1,1,7,0,0
4,270.0,1,4,4,1,2,2,9,1.0,15,2,6,2,0
4,59.0,1,0,0,3,2,1,2,1.0,0,2,6,11,1
4,136.0,1,1,0,0,5,0,4,0.0,25,2,2,5,0
4,103.0,0,2,0,3,5,4,2,3.0,30,2,2,1,2
4,16.0,0,4,0,1,5,0,4,1.0,120,0,2,5,0
4,53.0,1,2,0,0,2,1,8,1.0,35,2,0,6,1
4,240.0,0,1,4,0,9,0,2,0.0,15,0,7,9,0
4,190.0,1,5,4,0,4,0,2,7.0,130,2,2,9,0
4,149.0,0,3,7,1,6,3,2,5.0,35,2,2,9,0
4,37.0,0,5,0,3,5,3,6,0.0,3,2,2,2,0
4,219.0,0,5,0,3,5,1,3,2.0,2,2,6,2,0
4,219.0,0,5,0,3,3,0,2,0.0,9,0,7,2,0
0,184.0,0,4,1,0,4,0,2,0.0,170,2,2,4,0
4,62.0,1,4,0,3,5,1,2,1.0,140,2,8,6,1
3,170.0,0,2,0,3,6,1,5,1.0,60,2,6,8,1
4,177.0,0,0,5,4,5,0,2,1.0,7,2,3,5,0
4,38.0,1,5,0,2,1,1,4,1.0,15,2,7,6,0
4,139.0,1,4,0,4,5,0,2,1.0,50,0,6,6,1
1,151.0,0,1,0,0,4,3,2,10.0,10,1,6,6,0
4,64.0,1,5,0,0,5,1,2,1.0,7,2,6,5,1
4,184.0,0,5,0,3,9,1,8,1.0,30,2,6,4,0
3,184.0,0,5,4,3,4,0,5,3.0,20,2,2,4,0
4,184.0,0,1,4,3,7,3,2,1.0,30,0,2,4,0
4,184.0,0,0,4,1,5,0,2,0.0,4,0,2,4,0
3,184.0,0,3,1,3,2,1,4,1.0,20,2,2,4,0
3,170.0,0,5,4,1,6,3,2,1.0,80,2,2,4,1
3,170.0,0,0,0,1,4,3,2,1.0,30,2,7,4,1
0,170.0,0,1,0,0,5,4,5,2.0,10,2,2,4,1
3,170.0,0,4,0,0,5,2,10,3.0,1,2,2,4,1
4,170.0,0,4,2,0,6,2,4,0.0,110,2,7,4,1
4,16.0,0,3,0,3,1,0,2,0.0,10,0,2,5,0
4,153.0,1,4,0,3,5,0,4,10.0,30,1,6,5,0
4,62.0,1,1,0,2,5,0,4,8.0,15,2,6,5,0
4,20.0,0,2,4,3,2,1,2,0.0,50,1,7,6,1
4,16.0,0,4,2,2,8,3,5,1.0,45,2,8,5,0
4,17.0,0,2,4,1,5,1,0,1.0,30,2,2,6,1
4,534.0,0,1,0,4,5,0,8,2.0,20,2,1,4,0
4,534.0,0,1,4,0,4,1,2,1.0,4,0,2,4,0
4,43.0,1,0,0,0,2,1,4,0.0,80,1,2,3,0
4,30.0,1,2,4,0,6,0,3,2.0,70,2,7,3,0
4,91.0,1,1,0,1,8,1,2,0.0,60,2,4,7,0
4,187.0,1,1,4,2,5,0,2,0.0,15,2,7,8,0
4,51.0,1,5,0,0,5,0,5,0.0,1,2,2,4,1
3,170.0,0,1,1,3,8,1,8,2.0,180,0,2,4,1
4,142.0,0,5,4,1,9,1,4,0.0,15,2,7,3,1
4,142.0,0,1,0,0,5,3,2,1.0,15,2,6,3,1
4,11.0,0,4,4,4,9,0,2,1.0,70,2,3,3,1
4,128.0,0,4,4,0,6,3,2,0.0,3,1,7,7,0
4,19.0,0,4,4,3,6,0,7,0.0,4,0,2,7,1
4,18.0,0,2,4,1,5,2,1,1.0,30,2,7,7,1
0,16.0,0,3,4,1,5,0,4,0.0,4,2,2,0,0
4,16.0,0,5,5,3,0,0,4,2.0,70,2,7,0,0
4,158.0,1,1,0,0,8,3,2,0.0,15,2,6,0,0
3,13.0,0,4,0,2,3,0,2,2.0,80,2,1,0,1
4,65.0,1,4,3,3,5,3,4,1.0,20,1,2,6,1
4,65.0,1,4,0,0,5,3,3,6.0,140,2,2,8,0
4,365.0,0,4,4,1,5,0,2,3.0,4,2,7,6,0
4,0.0,0,4,0,3,5,2,2,4.0,10,2,7,6,0
1,254.0,0,4,0,1,6,1,5,1.0,120,2,7,10,1
0,184.0,0,4,4,3,6,2,2,2.0,60,1,7,4,0
1,360.0,0,1,0,0,9,1,4,1.0,6,1,6,4,0
4,184.0,0,0,4,3,5,0,8,5.0,15,2,2,4,0
4,6.0,1,3,0,3,7,0,2,0.0,15,2,7,10,1
4,89.0,0,4,4,1,5,3,2,1.0,8,1,2,5,0
4,25.0,0,5,4,2,5,0,4,1.0,10,2,6,5,0
4,20.0,0,5,4,3,2,0,9,1.0,30,2,7,6,1
3,230.0,0,2,0,1,6,0,0,0.0,60,1,1,8,1
4,191.0,0,1,0,0,2,1,0,1.0,30,2,7,6,1
4,25.0,0,3,4,0,6,1,2,1.0,50,0,2,5,0
4,153.0,1,4,0,4,3,0,2,1.0,15,2,2,9,0
4,51.0,1,1,7,3,5,0,4,0.0,25,2,7,8,0
4,407.0,0,4,0,3,5,3,10,0.0,45,0,7,6,0
3,310.0,0,4,4,4,5,0,2,1.0,0,0,7,11,0
4,296.0,0,0,4,3,0,0,8,5.0,180,0,7,11,1
0,282.0,0,5,0,3,8,1,4,7.0,30,0,8,11,2
4,108.0,1,1,0,3,5,3,2,3.0,8,2,2,10,1
4,240.0,0,3,0,2,5,1,4,5.0,90,0,8,9,0
1,219.0,0,1,2,3,5,3,2,0.0,25,0,6,2,0
4,61.0,1,5,0,0,4,1,4,2.0,30,2,0,2,0
4,219.0,0,1,1,3,5,1,0,2.0,0,2,1,2,0
4,34.0,1,4,0,3,5,3,8,0.0,45,2,6,4,0
1,73.0,1,1,0,0,5,3,2,4.0,15,1,2,6,0
1,144.0,1,2,4,0,6,4,5,5.0,15,1,2,5,1
4,108.0,1,4,0,0,2,0,2,1.0,6,2,2,2,0
4,47.0,0,4,7,3,5,3,2,1.0,60,2,2,5,1
4,53.0,1,2,4,1,8,2,2,7.0,50,2,6,1,1
4,239.0,1,1,0,1,4,1,2,0.0,20,2,3,11,0
4,51.0,1,5,4,0,5,2,4,4.0,150,2,7,0,0
4,0.0,0,4,0,3,4,0,2,5.0,10,1,2,11,1
1,0.0,0,5,5,3,5,3,2,0.0,10,2,8,11,0
3,0.0,0,1,4,0,1,3,2,0.0,15,2,7,4,0
3,6.0,0,5,1,3,1,1,2,0.0,25,2,6,10,1
4,0.0,0,4,0,2,5,0,3,8.0,70,2,7,3,0
4,0.0,0,2,5,0,8,1,2,4.0,80,2,6,10,1
4,4.0,0,4,0,3,6,0,2,5.0,50,2,3,10,1
3,0.0,0,4,0,0,4,0,4,0.0,0,2,7,4,0
1,0.0,0,1,4,1,3,4,2,1.0,5,1,0,9,0
4,21.0,0,4,0,2,7,2,2,7.0,15,2,4,10,1
4,102.0,1,4,0,0,6,4,4,2.0,2,2,2,11,1
3,66.0,0,4,0,0,3,0,4,3.0,15,2,2,11,0
0,0.0,0,4,0,0,1,1,3,3.0,60,2,2,11,0
4,82.0,1,1,0,3,8,3,5,0.0,0,2,2,11,1
0,0.0,0,4,0,0,5,4,1,1.0,25,2,7,11,1
4,0.0,0,5,0,0,5,0,4,0.0,40,2,2,11,0
4,51.0,1,5,0,3,5,2,4,0.0,10,2,2,1,0
4,12.0,0,4,1,0,2,1,2,2.0,30,2,2,9,1
4,96.0,1,4,0,0,5,2,5,1.0,30,1,7,1,0
1,0.0,0,0,4,1,5,1,2,1.0,10,2,6,4,1
4,138.0,1,4,0,0,3,0,2,10.0,100,2,6,5,1
4,0.0,0,0,4,2,1,0,2,1.0,10,2,1,5,1
4,0.0,0,5,4,2,5,3,2,5.0,50,2,6,1,1
4,0.0,0,5,0,0,2,3,2,1.0,9,2,3,2,0
4,14.0,0,4,4,3,6,3,4,4.0,1,2,7,10,1
3,0.0,0,0,4,3,5,3,5,3.0,70,2,2,9,0
4,12.0,0,1,4,3,8,3,4,0.0,90,1,2,1,1
1,115.0,1,2,5,3,4,3,2,2.0,8,1,2,1,0
0,12.0,0,4,0,1,2,2,8,7.0,1,2,6,10,1
4,0.0,0,0,4,3,8,1,2,1.0,50,1,4,10,1
4,74.0,0,5,5,3,1,4,2,0.0,0,1,3,10,1
3,79.0,1,1,4,0,1,4,2,1.0,15,1,1,9,0
0,12.0,0,4,0,0,3,0,4,7.0,150,2,8,10,1
4,0.0,0,4,0,0,4,0,4,2.0,20,2,2,9,0
4,11.0,0,1,4,0,8,0,2,2.0,10,1,2,10,1
4,12.0,0,4,0,0,4,0,4,0.0,15,1,2,10,1
4,16.0,0,5,0,3,5,0,2,1.0,6,2,6,10,1
0,0.0,0,1,5,0,5,2,2,1.0,50,0,2,0,0
3,23.0,0,1,0,1,2,0,5,10.0,10,2,3,1,2
4,6.0,0,4,4,0,5,3,7,5.0,30,2,3,1,2
1,0.0,0,1,0,3,1,0,6,0.0,0,1,2,1,2
4,14.0,0,1,0,2,4,0,2,2.0,10,1,8,1,2
3,9.0,0,0,4,1,4,1,2,0.0,25,2,3,2,0
4,0.0,0,4,4,0,8,1,3,1.0,9,1,7,4,1
4,0.0,0,5,0,2,5,0,2,0.0,35,0,1,0,0
4,0.0,0,4,4,1,3,0,4,1.0,20,2,2,4,0
4,0.0,0,4,4,3,5,1,4,2.0,15,2,7,4,1
4,0.0,0,0,2,3,2,0,2,2.0,7,2,0,3,0
4,0.0,0,4,0,3,5,0,3,3.0,50,1,7,4,0
0,22.0,1,5,4,0,8,3,3,4.0,30,1,7,4,0
3,13.0,0,5,4,2,2,0,2,1.0,25,2,6,9,1
4,7.0,0,4,0,0,8,3,2,4.0,8,2,8,4,0
1,44.0,1,1,4,0,3,3,8,1.0,3,1,3,2,0
1,7.0,0,0,0,0,5,1,4,0.0,40,2,6,4,0
4,11.0,0,4,4,3,3,1,4,1.0,15,2,7,2,0
3,3.0,0,4,4,0,5,4,4,3.0,60,2,3,4,0
0,0.0,0,4,4,0,3,3,4,7.0,90,2,2,4,0
3,10.0,0,4,3,0,7,1,8,0.0,15,2,2,4,0
4,0.0,0,1,0,0,8,0,4,0.0,10,1,2,3,1
3,18.0,0,5,4,3,1,0,5,1.0,3,1,6,9,1
5,0.0,0,5,0,3,5,0,2,3.0,15,2,6,2,0
0,14.0,0,2,1,3,5,1,2,5.0,15,1,6,2,0
0,15.0,0,5,4,3,6,0,5,0.0,8,1,2,9,1
4,14.0,0,2,0,1,5,1,2,1.0,15,2,8,2,0
4,0.0,0,4,1,0,5,0,2,0.0,25,2,7,2,0
3,10.0,0,1,0,0,5,0,5,2.0,45,1,2,4,0
3,11.0,0,1,0,0,5,3,2,1.0,30,1,2,9,0
4,139.0,1,5,4,3,5,4,4,1.0,8,2,2,11,0
3,0.0,0,5,1,3,8,0,8,0.0,5,2,2,4,0
4,13.0,0,5,0,0,5,1,2,10.0,100,2,6,11,0
4,0.0,0,4,7,3,8,3,2,10.0,100,2,6,1,1
3,16.0,0,5,0,3,8,3,4,0.0,60,2,2,1,0
4,132.0,1,1,0,3,8,2,6,0.0,45,2,7,6,1
4,192.0,0,1,4,1,8,3,4,1.0,30,2,0,6,0
4,118.0,1,5,0,3,5,4,2,1.0,20,2,2,5,0
4,275.0,1,5,0,0,8,1,4,4.0,3,0,2,5,0
4,16.0,0,5,4,1,3,1,2,1.0,30,2,6,5,0
4,156.0,1,3,0,1,6,0,4,2.0,40,2,2,6,0
1,142.0,1,1,4,2,8,0,2,4.0,9,1,2,8,1
4,93.0,1,4,0,3,5,2,2,10.0,15,2,6,8,1
4,193.0,1,4,4,3,3,0,4,1.0,1,0,7,6,0
4,96.0,1,5,0,3,2,0,10,1.0,20,2,6,8,1
4,145.0,1,3,1,0,5,3,2,0.0,45,2,1,6,0
4,212.0,1,5,0,0,5,1,2,2.0,0,2,7,5,0
4,227.0,1,4,0,3,0,0,5,0.0,15,1,2,3,0
4,101.0,1,4,0,1,4,0,4,2.0,7,2,4,5,0
4,194.0,1,2,0,0,5,1,4,4.0,1,2,2,6,0
4,11.0,0,2,4,1,5,1,0,1.0,20,2,2,5,0
4,136.0,1,4,4,3,3,0,5,1.0,0,1,7,5,0
4,16.0,0,1,0,3,6,0,2,2.0,50,1,6,5,0
4,0.0,0,4,0,3,7,0,4,2.0,15,2,2,1,0
4,0.0,0,5,4,0,8,1,2,9.0,10,1,6,1,0
4,0.0,0,5,0,3,5,4,4,3.0,25,1,3,4,1
3,0.0,0,0,4,0,2,0,6,0.0,6,1,7,0,0
3,0.0,0,5,4,1,5,3,4,0.0,50,1,7,3,0
4,0.0,0,4,4,3,5,3,4,0.0,4,2,7,4,1
4,6.0,0,2,0,3,5,3,2,1.0,7,2,6,4,1
4,4.0,0,5,0,0,4,0,2,6.0,4,2,2,3,0
1,0.0,0,2,0,0,5,0,2,2.0,8,2,8,3,1
3,18.0,0,1,4,3,6,1,2,5.0,20,1,2,11,1
4,28.0,0,1,0,3,8,1,6,5.0,0,2,7,10,0
3,11.0,0,1,0,3,4,2,2,3.0,25,2,6,10,0
4,0.0,0,4,0,3,1,1,2,4.0,130,2,7,10,1
3,0.0,0,2,0,0,2,3,8,1.0,150,1,2,4,0
3,2.0,0,5,0,1,5,4,2,2.0,50,2,0,4,0
4,0.0,0,4,0,3,6,4,2,8.0,10,2,0,7,0
3,0.0,0,5,0,0,4,1,5,0.0,8,2,0,7,0
3,0.0,0,5,0,0,2,3,2,0.0,3,2,0,3,0
3,8.0,0,5,0,0,5,4,2,2.0,7,1,0,4,1
1,6.0,0,2,0,1,4,1,5,1.0,60,1,2,10,0
3,0.0,0,1,0,3,3,3,2,3.0,40,1,2,10,0
0,90.0,0,5,4,2,7,3,2,2.0,100,2,2,10,0
4,34.0,1,5,4,0,5,3,5,4.0,20,2,2,10,0
4,0.0,0,5,0,3,0,0,2,1.0,5,2,8,10,0
3,8.0,0,2,4,3,5,3,1,4.0,30,1,2,11,1
4,48.0,1,4,0,3,4,0,2,10.0,20,2,6,11,1
4,0.0,0,4,0,3,5,4,2,0.0,10,2,6,10,0
3,14.0,0,5,4,4,5,2,2,1.0,35,2,3,10,0
4,95.0,1,4,0,3,5,2,4,2.0,60,2,7,10,0
4,0.0,0,4,7,0,3,4,4,1.0,4,1,2,4,0
0,14.0,0,4,5,0,5,0,4,0.0,3,1,7,2,0
4,0.0,0,1,4,3,2,4,2,1.0,20,2,2,10,1
0,4.0,0,5,0,1,3,1,2,0.0,70,1,6,4,0
4,9.0,0,5,0,0,5,0,2,1.0,10,1,0,4,0
0,0.0,0,5,0,3,8,0,2,1.0,5,1,8,4,0
4,0.0,0,5,0,0,6,3,2,0.0,1,2,6,4,1
3,13.0,0,4,4,1,5,0,4,4.0,15,2,7,4,0
4,7.0,0,2,0,2,5,3,2,1.0,35,2,6,4,0
4,0.0,0,0,4,1,2,1,8,3.0,45,1,7,3,1
4,0.0,0,5,0,3,5,2,4,1.0,8,2,7,3,1
4,0.0,0,4,6,0,5,2,3,1.0,7,2,7,3,0
3,0.0,0,5,4,3,4,1,8,4.0,40,1,7,9,0
4,224.0,0,1,0,1,6,4,2,4.0,170,2,1,11,1
4,209.0,1,5,0,2,2,0,4,1.0,10,1,2,4,0
0,0.0,0,1,0,0,5,2,4,0.0,35,2,4,0,1
0,13.0,1,5,0,3,5,1,2,1.0,45,0,7,10,0
5,213.0,1,5,0,1,4,3,4,1.0,6,0,6,8,0
0,258.0,1,4,0,0,4,3,2,1.0,1,2,4,11,2
0,175.0,0,4,0,3,5,3,2,1.0,130,2,3,3,0
4,244.0,1,4,0,0,0,4,5,0.0,6,2,6,11,0
4,209.0,1,1,1,3,3,0,5,0.0,6,0,6,7,0
4,298.0,1,5,4,3,5,1,2,1.0,9,1,4,2,0
4,6.0,0,0,4,3,2,0,2,0.0,50,0,2,4,1
3,118.0,1,1,4,1,6,0,0,1.0,35,2,2,1,0
4,73.0,1,4,0,1,5,1,6,4.0,8,2,6,1,0
4,169.0,1,5,0,0,3,0,10,1.0,25,2,2,7,0
4,94.0,1,1,0,2,5,2,0,3.0,25,1,7,3,1
4,212.0,1,2,0,0,5,2,2,1.0,0,2,2,1,2
4,189.0,1,5,1,3,5,0,8,1.0,20,2,6,0,1
4,445.0,0,3,0,1,1,3,4,4.0,25,0,7,3,0
4,0.0,0,3,0,3,6,4,2,0.0,6,2,6,8,0
4,0.0,0,4,0,3,2,3,4,2.0,20,0,2,4,0
4,4.0,0,5,0,0,8,1,10,1.0,7,0,2,4,0
3,0.0,0,5,4,0,5,0,2,1.0,3,0,7,4,0
4,115.0,1,3,4,1,5,2,2,3.0,1,2,3,6,0
0,250.0,1,2,0,0,5,3,2,0.0,10,2,2,10,0
3,1.0,0,5,0,0,5,3,10,0.0,45,0,2,9,0
4,171.0,1,5,0,1,2,0,2,3.0,40,2,7,7,1
1,12.0,1,4,0,1,5,1,2,2.0,6,2,2,1,0
0,316.0,1,2,4,0,5,1,3,1.0,0,0,2,11,1
4,142.0,1,1,0,1,6,1,4,3.0,50,0,8,11,0
0,241.0,0,4,1,3,5,0,4,1.0,60,0,7,7,0
4,34.0,1,5,5,2,5,0,4,1.0,15,1,6,0,0
4,253.0,1,5,1,2,8,0,2,0.0,35,0,7,4,1
4,0.0,0,5,4,0,4,0,2,1.0,20,1,7,11,0
0,4.0,0,4,0,2,6,4,2,5.0,10,0,4,9,0
4,124.0,0,4,5,3,8,0,10,1.0,15,2,6,10,0
4,201.0,1,5,0,2,4,0,3,1.0,25,1,2,4,1
4,0.0,0,4,0,4,5,2,2,2.0,15,0,2,4,0
3,219.0,1,1,0,1,5,3,4,1.0,70,2,2,5,1
3,55.0,1,4,0,3,2,3,2,5.0,60,2,2,7,0
4,0.0,0,4,0,3,5,3,4,0.0,15,1,2,1,1
4,10.0,0,1,4,0,1,3,2,3.0,7,1,2,6,0
4,6.0,0,3,4,1,8,1,4,1.0,40,0,1,0,0
3,221.0,1,2,0,1,5,0,2,1.0,190,0,6,5,1
4,0.0,0,4,0,0,8,4,2,6.0,110,2,6,4,0
4,144.0,0,3,0,1,5,2,10,0.0,30,2,2,11,1
4,0.0,0,5,0,0,5,0,4,5.0,30,2,2,10,1
4,188.0,1,1,7,3,6,0,5,2.0,15,2,2,4,1
4,258.0,1,1,0,3,8,1,2,0.0,8,2,2,6,1
4,0.0,0,5,0,0,8,2,2,2.0,60,2,2,5,1
4,5.0,0,1,4,1,1,0,0,4.0,35,2,7,9,0
1,237.0,1,5,4,0,2,0,10,1.0,25,2,5,6,1
1,10.0,0,0,0,3,6,1,2,0.0,60,1,3,2,0
4,506.0,0,3,0,1,4,0,2,3.0,30,0,6,10,1
1,11.0,0,3,0,0,0,3,2,5.0,15,2,6,7,0
4,173.0,1,4,0,1,5,3,2,1.0,45,2,2,4,0
3,155.0,1,5,0,3,5,0,10,0.0,70,0,2,10,1
4,22.0,1,3,4,2,6,3,2,2.0,6,2,2,4,0
3,252.0,1,2,0,3,6,4,4,5.0,30,2,1,10,0
1,102.0,1,4,4,1,5,3,4,1.0,25,0,7,2,0
4,272.0,1,3,0,3,0,3,4,0.0,45,2,3,4,0
4,264.0,1,3,0,1,4,0,4,0.0,70,0,6,1,0
1,241.0,1,1,4,0,5,1,0,2.0,15,2,6,9,0
4,1.0,1,0,1,2,5,3,2,1.0,15,1,1,4,0
4,256.0,0,4,4,1,4,4,4,0.0,35,0,7,4,0
4,314.0,1,4,0,3,3,0,2,0.0,45,2,6,10,0
4,309.0,1,4,5,2,1,0,2,4.0,45,2,1,0,0
4,0.0,0,1,0,0,1,4,0,0.0,25,0,2,10,0
4,312.0,1,5,0,4,5,2,4,5.0,15,0,2,3,0
4,0.0,0,5,4,1,5,1,10,2.0,40,2,2,7,1
0,0.0,0,5,0,3,2,4,2,4.0,50,2,3,9,0
4,219.0,0,5,0,1,8,0,4,0.0,10,1,2,10,1
4,0.0,0,5,0,1,5,2,4,1.0,0,0,6,9,0
4,34.0,0,2,0,4,6,1,3,0.0,60,2,8,11,1
4,13.0,0,0,5,0,5,1,4,1.0,1,0,0,9,0
4,299.0,0,4,1,0,5,0,2,2.0,2,0,4,4,1
4,208.0,1,2,0,0,8,1,2,1.0,7,2,7,3,1
4,196.0,1,2,5,0,2,0,2,1.0,20,0,2,10,0
4,38.0,1,1,0,1,6,0,3,1.0,15,0,2,10,0
4,219.0,1,5,1,3,2,0,2,4.0,90,0,2,1,1
4,302.0,1,3,1,1,5,1,6,0.0,1,2,6,1,0
4,267.0,1,4,5,3,5,1,2,6.0,45,1,0,10,0
4,115.0,1,3,0,0,5,0,2,5.0,15,2,8,10,1
4,0.0,0,3,0,0,5,1,2,0.0,50,2,6,4,0
0,328.0,1,4,1,0,5,4,2,0.0,50,1,7,4,1
4,31.0,1,4,0,0,5,1,8,0.0,45,2,7,6,0
3,300.0,1,4,4,2,5,3,2,5.0,10,2,2,11,1
4,5.0,0,1,1,3,3,2,5,4.0,15,2,2,3,0
4,271.0,1,5,0,3,5,0,2,0.0,3,0,3,2,0
4,0.0,0,5,4,3,5,2,3,1.0,35,1,6,10,1
3,1.0,0,3,0,3,9,3,2,0.0,15,0,6,3,1
4,108.0,0,4,4,2,8,3,4,0.0,50,2,4,1,1
1,40.0,0,5,0,0,5,3,2,2.0,15,2,6,0,1
1,163.0,1,4,4,2,4,3,2,2.0,130,0,6,8,0
4,13.0,0,5,4,4,5,3,2,1.0,15,2,3,7,0
4,281.0,1,5,4,3,1,1,10,3.0,25,2,6,10,0
3,256.0,0,0,4,3,2,1,2,1.0,15,0,2,4,0
3,136.0,1,3,0,0,2,3,2,1.0,40,2,2,4,1
3,32.0,0,4,0,1,8,1,4,4.0,15,2,7,0,1
4,123.0,1,1,4,3,5,0,4,1.0,60,1,6,4,0
4,126.0,0,5,0,3,5,3,2,3.0,25,0,2,2,0
4,159.0,1,5,5,2,5,1,2,0.0,30,1,2,1,0
4,239.0,1,2,0,3,6,1,4,0.0,20,0,6,6,0
4,298.0,0,4,4,0,5,3,2,0.0,10,1,6,4,1
4,12.0,0,5,4,3,5,4,2,3.0,4,2,7,11,1
4,164.0,1,3,0,0,5,4,2,2.0,30,0,2,4,1
0,154.0,1,0,0,0,8,1,2,5.0,15,0,7,6,1
4,19.0,0,4,4,3,0,1,3,0.0,3,1,6,1,1
4,338.0,1,5,0,1,1,3,4,4.0,1,2,2,6,1
0,340.0,1,3,0,0,5,1,5,0.0,5,2,6,5,0
4,172.0,1,3,0,3,6,3,2,0.0,10,0,7,2,0
4,0.0,0,3,0,2,8,4,2,3.0,15,1,8,2,0
4,323.0,1,4,4,0,8,3,10,4.0,10,2,6,2,0
4,6.0,0,0,4,3,5,2,2,0.0,1,1,2,7,1
4,111.0,0,5,0,1,5,3,2,4.0,50,2,2,3,0
4,7.0,0,5,0,0,4,1,6,1.0,40,2,2,5,1
3,128.0,0,3,4,3,1,0,3,1.0,9,0,6,5,0
1,79.0,1,4,0,2,5,0,4,0.0,50,1,6,3,0
4,450.0,0,4,0,0,1,0,2,1.0,20,0,2,3,0
4,115.0,0,1,0,0,5,1,8,0.0,1,0,7,0,0
4,121.0,0,4,0,2,3,1,2,0.0,0,2,2,4,1
1,246.0,0,1,0,0,5,3,2,4.0,20,2,2,4,0
0,257.0,1,2,4,0,6,0,4,5.0,15,2,2,4,0
4,324.0,1,4,0,3,5,3,3,2.0,40,1,6,10,0
0,0.0,0,4,0,0,2,1,2,0.0,25,0,7,3,0
4,118.0,1,4,4,3,6,2,10,3.0,20,2,6,6,0
0,180.0,1,3,0,3,8,2,4,1.0,3,2,6,6,1
4,0.0,0,5,0,3,1,3,4,1.0,0,1,0,6,0
4,48.0,1,4,0,3,5,1,4,7.0,9,0,2,2,0
4,8.0,1,4,0,1,3,3,10,0.0,80,1,7,0,0
4,132.0,0,4,4,3,5,1,4,1.0,10,2,2,11,0
4,232.0,0,4,0,3,5,2,10,0.0,45,0,6,11,2
4,51.0,0,5,4,1,0,1,4,1.0,1,0,3,8,0
4,167.0,1,4,5,0,5,1,2,3.0,15,2,2,11,0
4,360.0,0,5,0,3,5,0,5,3.0,5,0,3,2,0
4,5.0,0,4,1,1,2,3,2,0.0,15,1,2,6,1
4,129.0,0,1,0,0,1,0,4,1.0,25,2,8,6,0
4,0.0,0,1,0,0,8,1,4,1.0,80,2,6,4,0
4,272.0,1,5,1,0,5,1,2,1.0,15,2,7,6,0
4,0.0,0,3,0,3,6,2,10,4.0,60,0,2,10,0
4,2.0,0,5,0,1,8,0,4,1.0,80,2,6,3,1
4,223.0,1,2,0,0,5,3,2,1.0,35,2,6,2,0
4,179.0,0,5,0,0,5,2,4,0.0,30,0,6,3,0
4,74.0,0,4,4,3,5,0,2,6.0,15,2,2,9,0
4,49.0,0,1,5,4,2,4,4,2.0,130,2,2,6,0
1,93.0,0,4,4,0,4,1,4,0.0,15,0,2,6,1
4,466.0,0,2,0,0,8,0,0,2.0,3,2,7,0,0
4,326.0,1,1,1,3,5,1,2,2.0,70,0,2,4,0
4,0.0,0,5,0,0,3,3,2,0.0,5,0,2,11,0
4,164.0,1,4,0,0,1,4,2,0.0,25,0,2,8,0
4,289.0,1,3,5,4,8,3,4,7.0,40,2,6,2,0
0,247.0,1,1,0,0,5,0,4,0.0,70,1,2,2,0
3,486.0,0,4,0,1,2,0,4,5.0,15,2,7,1,1
4,3.0,1,5,7,3,2,4,6,2.0,5,2,8,10,1
4,321.0,1,4,0,3,3,0,10,2.0,20,1,2,6,0
3,2.0,0,4,4,4,2,1,2,0.0,20,1,2,4,0
4,7.0,0,4,5,3,5,3,4,1.0,80,0,3,4,1
4,0.0,0,4,4,3,7,0,2,1.0,180,1,2,6,1
3,12.0,0,4,5,2,3,1,2,2.0,35,0,2,7,0
4,170.0,1,4,0,3,5,1,10,1.0,5,0,0,11,0
4,361.0,0,2,0,0,5,0,1,9.0,20,2,6,9,0
3,248.0,1,5,0,3,4,1,10,2.0,35,2,2,7,0
0,0.0,0,4,0,1,8,1,10,0.0,40,2,7,2,0
0,284.0,0,2,0,3,6,1,3,0.0,25,0,2,3,0
4,0.0,0,3,4,0,5,3,2,1.0,110,2,6,11,0
4,185.0,1,5,0,3,8,4,4,5.0,15,2,6,10,0
0,0.0,0,1,0,3,5,4,2,1.0,70,2,8,11,0
4,4.0,0,1,0,0,1,3,2,2.0,45,1,6,6,0
3,242.0,0,3,4,0,5,3,4,2.0,2,2,7,1,2
4,356.0,0,5,0,0,6,1,2,6.0,25,2,2,4,0
4,0.0,0,2,1,0,5,3,2,2.0,15,2,0,8,0
4,429.0,0,5,0,3,5,3,4,0.0,5,2,3,1,1
4,0.0,0,4,4,1,6,4,4,0.0,70,0,2,10,1
4,0.0,0,1,4,3,8,1,2,0.0,4,0,6,1,2
4,274.0,1,5,0,1,2,3,4,0.0,50,2,0,3,0
1,15.0,1,3,0,0,5,3,10,0.0,100,1,3,6,1
1,131.0,1,4,0,3,5,1,4,2.0,15,0,2,11,0
0,38.0,0,2,0,0,5,4,0,2.0,60,2,7,3,0
4,181.0,0,0,5,3,6,1,2,7.0,50,2,2,4,1
4,285.0,0,5,0,0,5,0,2,1.0,2,1,1,4,1
4,338.0,1,5,0,1,9,0,4,0.0,15,1,0,10,1
0,5.0,0,1,4,4,5,3,0,1.0,15,0,2,10,0
4,404.0,0,5,0,3,3,1,5,7.0,10,2,6,4,0
4,0.0,0,2,0,2,1,1,9,2.0,35,2,7,8,0
3,195.0,1,5,0,0,8,3,2,2.0,15,0,2,1,0
4,332.0,1,5,0,2,5,0,4,1.0,7,2,6,4,0
4,0.0,0,3,0,3,6,0,2,0.0,20,2,7,11,1
1,4.0,0,1,0,3,3,4,4,1.0,25,0,6,3,1
0,147.0,1,3,1,0,5,0,8,2.0,15,1,3,11,0
3,217.0,0,3,1,3,9,0,2,3.0,6,0,2,3,0
4,59.0,1,3,0,0,8,3,8,6.0,70,2,6,11,1
0,312.0,1,5,0,3,2,0,2,5.0,30,2,2,10,1
4,330.0,1,1,1,0,8,3,4,7.0,15,2,7,0,1
4,1.0,0,1,4,3,7,4,2,7.0,2,1,2,10,0
4,94.0,1,5,7,0,0,3,4,1.0,8,2,2,3,0
4,198.0,0,0,0,3,5,2,0,3.0,90,2,2,2,0
4,51.0,1,2,0,0,5,4,0,1.0,5,0,6,1,0
4,479.0,0,4,4,3,2,1,3,0.0,15,0,2,1,0
4,192.0,0,0,4,3,4,4,2,2.0,20,2,2,11,1
4,70.0,0,4,1,3,5,4,2,1.0,15,1,4,10,0
4,280.0,1,5,0,4,5,3,2,2.0,20,0,6,2,0
4,0.0,0,2,0,1,5,0,2,0.0,25,2,4,11,2
4,0.0,0,5,4,3,4,3,4,5.0,5,0,6,10,0
3,269.0,1,4,4,1,8,0,4,0.0,20,2,7,11,0
0,71.0,1,5,4,0,5,2,2,1.0,2,2,7,4,0
4,344.0,0,4,0,1,8,1,2,0.0,40,2,7,3,0
4,198.0,0,5,0,0,5,2,5,1.0,15,0,2,10,1
4,227.0,1,2,1,3,5,0,2,2.0,15,2,2,2,0
4,286.0,0,1,0,1,1,4,2,2.0,20,0,8,10,0
4,272.0,1,4,0,0,3,1,10,6.0,50,2,7,6,1
0,191.0,0,2,4,0,2,1,2,0.0,40,0,2,7,0
1,522.0,0,3,4,1,2,3,10,1.0,25,2,0,2,0
4,9.0,0,5,0,0,1,3,2,1.0,25,0,6,3,1
3,5.0,0,3,0,3,5,1,4,1.0,15,1,2,7,0
0,0.0,0,0,4,3,5,2,2,0.0,35,0,6,4,0
1,297.0,1,3,4,0,1,0,2,0.0,180,0,2,9,0
0,9.0,0,4,4,3,6,0,2,0.0,10,2,2,10,0
1,287.0,0,1,4,0,5,2,3,3.0,3,0,4,3,1
4,6.0,0,1,0,1,8,0,2,3.0,5,1,7,4,0
4,6.0,0,4,0,1,4,0,3,0.0,3,0,7,1,0
4,0.0,0,5,0,0,3,0,4,0.0,90,0,7,1,2
4,265.0,0,4,0,3,4,0,4,1.0,6,1,6,3,0
1,344.0,1,4,0,3,4,0,10,1.0,30,0,3,7,0
4,503.0,0,4,0,1,1,3,4,0.0,0,2,7,1,2
4,282.0,1,5,4,0,2,1,2,4.0,40,1,2,5,0
3,464.0,0,2,4,3,9,3,2,0.0,25,0,2,10,0
3,189.0,1,0,0,3,3,0,4,0.0,2,0,6,10,0
4,421.0,0,0,4,3,2,0,2,1.0,20,2,7,7,0
1,272.0,0,4,0,3,5,0,4,1.0,20,2,6,4,0
4,277.0,1,4,4,3,8,3,2,0.0,15,1,3,7,0
1,287.0,1,5,5,3,4,2,2,3.0,6,2,0,10,1
0,324.0,1,2,0,0,2,4,4,5.0,15,2,7,4,0
1,270.0,1,5,0,0,8,0,2,0.0,10,1,2,4,0
4,5.0,0,4,6,1,5,3,2,0.0,9,2,2,3,0
4,227.0,1,2,0,0,1,3,4,0.0,3,1,6,7,0
4,197.0,0,1,5,3,5,2,8,1.0,2,2,2,3,0
0,245.0,0,3,0,0,5,0,10,0.0,45,0,2,4,1
4,0.0,0,4,0,0,1,3,2,7.0,50,0,0,11,2
4,277.0,1,5,0,0,5,3,10,0.0,35,2,7,3,0
4,13.0,0,5,0,2,5,0,2,3.0,35,1,6,3,0
4,434.0,0,4,0,3,2,0,2,3.0,70,0,6,1,1
4,217.0,1,2,0,0,2,3,8,4.0,4,2,2,11,0
4,278.0,1,1,0,4,5,0,4,0.0,6,1,0,4,0
4,56.0,1,4,4,1,6,1,4,1.0,45,1,8,0,0
4,39.0,1,0,4,0,5,3,4,7.0,25,2,2,11,1
4,8.0,0,4,0,0,5,1,4,1.0,120,2,6,9,1
3,5.0,0,2,0,1,5,2,2,1.0,50,2,2,9,0
4,116.0,1,2,7,0,5,3,4,0.0,25,2,2,11,1
4,140.0,1,3,4,0,3,2,2,1.0,50,0,3,1,2
4,45.0,1,2,4,3,6,0,4,1.0,35,2,2,10,0
4,173.0,0,1,0,4,8,3,4,2.0,10,1,7,11,0
0,0.0,0,5,4,3,9,0,2,0.0,60,2,2,8,0
4,132.0,0,0,1,0,2,3,3,3.0,140,0,6,7,0
4,220.0,1,1,5,0,2,3,3,2.0,3,1,2,4,0
4,155.0,1,4,0,3,5,0,2,1.0,25,2,6,10,0
4,172.0,1,5,0,3,8,4,4,3.0,15,0,2,9,1
4,0.0,0,4,4,0,5,3,10,1.0,1,2,7,10,0
3,137.0,1,4,1,2,4,0,2,0.0,7,1,6,10,1
4,5.0,0,0,4,0,4,4,2,0.0,20,2,7,5,0
1,0.0,0,3,0,3,5,3,3,1.0,7,2,6,2,0
4,167.0,1,5,1,0,5,0,10,1.0,1,2,2,1,1
3,268.0,1,1,4,2,1,1,4,0.0,15,2,2,0,0
4,223.0,1,4,1,3,5,3,4,2.0,10,1,7,3,0
1,171.0,0,5,1,0,1,3,4,3.0,190,2,8,10,0
3,113.0,0,1,5,3,8,0,2,1.0,15,1,2,2,0
4,9.0,1,4,5,0,4,0,4,1.0,60,0,2,7,1
4,162.0,1,0,6,3,5,3,2,1.0,90,1,2,6,1
0,481.0,0,5,0,2,2,3,5,7.0,2,2,2,6,0
4,140.0,1,4,0,1,1,2,10,1.0,40,2,0,1,2
0,153.0,1,3,3,0,8,0,4,2.0,50,2,6,4,0
4,119.0,1,4,4,0,8,3,4,1.0,20,1,2,11,1
4,214.0,1,1,4,0,9,3,4,1.0,30,2,1,11,1
4,180.0,1,1,5,0,8,0,5,2.0,2,0,7,2,0
4,97.0,0,4,0,1,2,0,10,6.0,4,1,6,3,0
0,197.0,1,4,0,3,8,3,10,0.0,10,1,7,0,0
4,285.0,1,4,4,1,2,0,10,3.0,6,2,7,3,0
1,311.0,1,5,4,1,8,4,2,1.0,25,2,8,9,1
1,11.0,0,2,4,0,3,3,2,0.0,60,0,6,1,1
4,0.0,0,5,4,3,5,4,4,0.0,15,2,2,5,0
1,96.0,1,5,0,3,8,2,2,4.0,30,2,6,5,0
4,41.0,1,4,4,0,5,1,10,4.0,20,2,2,3,0
4,95.0,0,4,4,3,8,2,2,1.0,50,0,6,1,0
4,140.0,1,4,0,2,5,3,8,1.0,1,0,6,8,0
4,204.0,1,3,4,0,5,3,2,1.0,10,1,2,6,0
4,2.0,0,4,4,3,5,4,5,7.0,4,2,8,2,0
4,212.0,1,5,0,3,0,3,8,0.0,8,2,0,7,0
4,299.0,0,1,0,0,2,0,4,2.0,25,2,2,7,0
3,169.0,1,5,4,1,4,3,10,0.0,25,2,2,1,2
4,0.0,0,5,0,3,5,0,4,1.0,10,0,6,6,1
4,75.0,1,4,0,3,5,0,2,0.0,35,2,6,9,0
4,329.0,1,3,4,0,4,3,4,0.0,40,0,7,8,1
4,286.0,1,3,4,3,5,1,2,1.0,60,0,2,0,0
3,0.0,0,5,4,1,5,0,4,1.0,25,2,3,4,0
3,329.0,1,1,4,3,5,2,2,2.0,130,2,3,4,0
4,3.0,0,4,3,1,7,1,4,1.0,8,1,0,4,0
4,0.0,0,4,4,1,6,0,8,0.0,9,0,7,10,0
0,0.0,0,1,4,3,5,0,0,5.0,15,1,6,3,0
3,13.0,0,4,4,0,3,4,2,7.0,3,2,7,0,1
4,5.0,0,3,0,2,1,1,10,6.0,25,2,6,3,0
4,288.0,1,2,4,1,5,4,3,0.0,6,0,6,7,0
3,37.0,1,1,0,1,5,1,2,2.0,40,2,2,3,0
0,0.0,0,2,4,0,4,0,7,0.0,15,2,6,3,0
4,280.0,1,5,0,3,8,4,8,0.0,15,2,7,3,0
1,208.0,1,1,1,4,5,4,2,3.0,15,2,2,2,0
3,202.0,1,3,4,3,2,4,2,2.0,8,1,4,10,1
1,131.0,1,5,4,1,5,1,5,4.0,25,2,6,4,0
4,310.0,1,4,0,3,4,0,2,2.0,35,0,2,6,1
4,4.0,0,5,0,3,5,3,2,3.0,170,0,4,4,1
0,82.0,1,5,4,2,3,1,4,2.0,20,0,6,2,0
0,265.0,1,3,0,3,5,1,2,0.0,10,2,2,1,0
4,275.0,0,5,4,3,5,4,10,5.0,15,2,7,4,0
4,0.0,0,3,0,3,5,0,2,0.0,30,1,6,6,1
4,131.0,0,4,2,0,5,3,2,1.0,80,0,6,4,1
4,11.0,0,3,0,0,1,0,4,2.0,15,1,6,9,1
4,93.0,1,3,6,2,5,2,3,6.0,2,0,2,0,1
1,181.0,0,5,0,1,5,1,5,1.0,60,2,2,11,2
4,155.0,1,4,0,0,5,0,8,3.0,10,2,0,3,1
1,341.0,0,4,0,2,8,0,5,0.0,50,2,6,10,1
0,0.0,0,1,4,2,5,3,4,3.0,20,0,6,2,0
0,145.0,1,0,0,2,5,0,3,7.0,60,2,7,0,1
3,151.0,0,5,1,1,5,1,3,3.0,9,2,6,6,0
3,323.0,1,1,5,0,7,0,5,0.0,110,0,3,8,1
4,0.0,0,5,4,1,2,3,2,1.0,20,2,7,1,2
3,0.0,0,4,0,0,5,0,4,7.0,45,2,7,2,0
4,10.0,0,3,4,2,5,0,2,1.0,6,0,2,0,0
4,262.0,1,2,0,0,5,4,2,2.0,3,2,0,3,0
1,459.0,0,1,4,1,2,1,4,0.0,2,2,3,6,1
1,332.0,1,3,4,0,2,0,2,0.0,90,2,2,10,0
3,220.0,0,2,5,0,5,3,5,1.0,45,1,7,3,0
0,148.0,1,4,4,0,5,0,2,3.0,30,0,4,10,0
4,423.0,0,1,5,1,6,0,5,1.0,5,0,3,4,0
4,177.0,0,5,0,1,8,2,5,1.0,15,0,6,3,1
4,167.0,0,5,4,1,5,3,2,1.0,20,2,6,6,0
3,24.0,1,4,4,1,6,3,4,2.0,15,1,2,4,1
3,0.0,0,0,0,1,5,1,2,0.0,30,2,2,8,1
4,110.0,0,4,0,3,6,0,4,0.0,170,2,2,10,0
4,2.0,0,2,4,0,5,1,8,0.0,80,0,2,10,0
4,66.0,1,5,4,2,6,2,10,0.0,9,1,2,4,1
4,295.0,1,5,2,3,1,3,2,1.0,8,2,7,3,1
4,514.0,0,2,0,3,0,4,3,0.0,90,2,0,11,0
3,155.0,1,3,0,0,8,2,2,1.0,50,0,5,1,2
3,89.0,1,5,0,3,2,0,10,5.0,100,2,2,5,1
4,475.0,0,4,0,3,3,3,4,1.0,40,1,2,8,1
4,131.0,1,4,0,4,2,1,2,0.0,2,1,2,4,1
3,312.0,1,5,0,0,5,3,2,1.0,35,0,1,11,2
4,12.0,0,5,4,3,0,3,2,0.0,160,2,7,10,1
1,0.0,0,4,0,2,8,4,3,1.0,9,0,2,3,0
4,0.0,0,1,0,3,8,4,3,4.0,60,2,7,4,0
0,11.0,0,4,0,3,5,4,10,0.0,1,2,7,11,1
3,215.0,1,1,0,0,1,1,3,1.0,80,2,2,9,0
4,0.0,0,3,0,0,3,0,2,2.0,10,2,0,4,0
4,0.0,0,4,7,1,4,1,4,1.0,10,0,7,4,0
4,162.0,0,1,4,1,5,0,3,1.0,20,1,2,4,0
4,211.0,1,1,0,0,4,3,2,7.0,70,2,7,9,0
4,96.0,1,4,6,3,5,1,2,6.0,70,2,3,10,0
4,0.0,0,4,0,3,5,0,4,1.0,20,2,6,11,1
4,0.0,0,5,0,3,6,3,5,0.0,50,2,2,9,1
4,357.0,0,1,6,2,4,1,2,1.0,7,0,6,1,1
3,343.0,0,4,0,0,5,2,2,0.0,25,1,1,5,0
4,40.0,0,2,0,3,5,2,2,6.0,60,2,2,1,0
4,0.0,0,3,4,3,1,0,2,2.0,10,0,2,4,0
3,342.0,0,1,5,0,5,3,4,6.0,15,0,7,11,0
3,206.0,0,1,0,3,6,1,2,1.0,20,2,7,4,1
4,137.0,1,4,4,1,5,0,3,1.0,110,2,3,4,0
4,0.0,0,0,0,2,1,3,2,1.0,4,2,2,11,1
4,61.0,1,3,5,0,8,3,5,0.0,35,0,3,4,0
1,281.0,1,2,4,2,5,0,2,3.0,35,1,7,11,2
4,0.0,0,1,5,3,2,0,2,1.0,80,0,0,2,0
4,165.0,1,1,0,3,4,0,2,3.0,30,2,7,3,0
4,11.0,0,4,5,0,5,0,8,3.0,15,0,0,1,1
4,350.0,0,3,0,1,1,1,2,6.0,25,2,6,11,1
1,5.0,0,2,4,3,5,3,2,7.0,45,1,1,8,0
0,336.0,1,4,0,0,5,0,10,3.0,20,0,2,10,1
4,40.0,0,4,4,0,3,0,10,7.0,7,2,2,4,0
4,75.0,0,2,4,1,5,0,8,1.0,15,0,4,6,0
4,228.0,1,4,0,3,1,0,10,0.0,70,1,6,9,0
4,32.0,0,1,0,1,5,1,2,0.0,15,1,6,4,1
4,257.0,1,4,0,3,2,3,2,1.0,15,2,2,5,0
3,57.0,1,3,0,1,5,1,2,5.0,80,1,7,7,0
4,323.0,1,4,1,0,6,3,2,1.0,30,0,7,4,1
4,496.0,0,5,0,2,1,0,10,2.0,7,2,2,4,0
4,105.0,0,0,0,4,5,0,8,6.0,25,0,2,1,2
4,190.0,1,5,0,3,5,3,2,0.0,20,2,1,1,0
4,0.0,0,5,0,3,5,1,2,1.0,45,0,2,7,0
4,236.0,0,1,0,1,5,2,0,0.0,3,2,1,7,1
4,0.0,0,1,4,3,5,1,8,6.0,6,2,0,10,1
4,4.0,0,4,4,1,5,3,4,1.0,70,2,2,1,0
4,0.0,0,1,0,0,5,1,2,1.0,15,2,2,4,1
4,331.0,1,1,4,3,2,1,2,1.0,20,2,3,7,0
4,317.0,1,1,4,3,2,0,2,5.0,1,0,2,1,1
4,5.0,0,5,4,0,5,1,2,4.0,15,2,3,2,0
4,173.0,1,5,0,0,5,1,4,0.0,90,2,0,11,1
4,0.0,0,3,4,0,3,1,5,1.0,10,2,6,8,0
3,0.0,0,1,0,3,5,3,3,4.0,50,0,0,7,0
4,168.0,1,5,0,0,5,3,10,1.0,5,2,2,4,0
4,224.0,1,2,0,1,6,1,0,0.0,1,0,2,10,0
4,267.0,1,4,4,3,2,2,2,0.0,35,0,2,5,1
4,7.0,0,2,4,3,5,0,4,4.0,50,1,0,9,0
4,189.0,1,1,0,3,5,1,0,2.0,15,2,2,11,0
1,9.0,0,5,5,1,5,3,6,5.0,170,1,7,2,0
4,203.0,1,4,4,0,7,0,4,4.0,6,0,6,11,2
4,0.0,0,1,1,0,3,3,4,0.0,35,0,2,4,0
4,13.0,0,1,0,4,1,0,0,5.0,20,2,2,11,2
4,221.0,1,4,4,2,0,2,5,6.0,10,0,7,2,0
4,9.0,0,2,6,2,2,3,5,4.0,15,0,6,2,0
4,326.0,1,4,4,1,5,4,3,3.0,0,2,2,7,0
4,6.0,0,1,0,3,5,1,2,1.0,10,0,7,5,0
4,10.0,0,5,0,2,5,1,2,5.0,15,0,2,11,1
0,174.0,1,4,0,4,8,3,8,0.0,30,1,2,11,1
0,0.0,0,2,4,0,5,0,0,4.0,9,2,6,7,0
3,308.0,1,4,0,0,1,3,8,2.0,15,1,7,3,1
4,7.0,0,5,0,0,7,0,4,1.0,140,0,2,10,0
4,327.0,1,2,3,4,1,1,4,2.0,1,2,1,5,0
1,258.0,1,4,0,0,5,2,1,1.0,8,2,2,9,0
4,210.0,1,5,4,3,2,3,6,2.0,7,0,2,11,0
3,114.0,1,5,5,1,6,1,4,0.0,20,0,0,6,1
3,63.0,0,5,5,0,6,0,10,0.0,35,1,2,0,0
4,151.0,0,2,5,0,4,0,4,1.0,5,1,1,4,0
4,237.0,1,4,4,3,3,0,2,0.0,15,2,6,3,0
4,80.0,1,5,4,0,3,4,4,0.0,10,0,7,1,1
4,0.0,0,3,0,0,5,2,10,5.0,10,0,6,11,1
3,109.0,0,1,0,3,2,1,4,0.0,15,0,2,0,0
1,164.0,1,5,4,2,8,1,10,1.0,15,1,6,1,1
4,8.0,0,4,4,1,3,4,4,0.0,50,2,6,4,0
1,192.0,1,4,4,2,5,3,10,5.0,20,0,2,10,0
4,71.0,1,4,0,1,3,1,10,1.0,70,0,2,0,1
4,110.0,0,5,0,0,5,1,4,1.0,15,0,7,11,0
1,106.0,1,2,4,4,5,1,8,0.0,90,0,2,0,0
1,0.0,0,4,0,3,3,3,4,1.0,10,0,0,2,0
3,176.0,1,5,4,2,2,3,2,0.0,8,2,2,10,1
0,6.0,1,5,0,3,3,0,10,1.0,10,0,2,1,1
3,353.0,0,5,4,0,7,3,4,4.0,140,2,7,9,1
4,5.0,0,4,0,1,5,2,4,1.0,25,2,0,3,0
0,121.0,1,3,0,1,5,4,4,0.0,35,0,2,10,0
0,0.0,0,5,4,0,5,4,4,0.0,5,1,7,0,1
4,96.0,1,4,4,3,3,3,2,4.0,8,0,4,3,0
4,0.0,0,3,4,1,5,0,3,7.0,6,1,6,6,0
4,255.0,1,4,4,3,4,2,2,1.0,20,2,7,9,0
4,156.0,1,5,0,3,8,1,3,2.0,35,2,2,1,1
4,0.0,0,4,1,1,3,0,5,1.0,35,2,1,3,0
4,114.0,0,0,0,2,3,1,5,5.0,80,2,2,0,0
1,64.0,1,3,4,2,5,3,4,3.0,0,2,3,11,0
0,0.0,0,5,0,0,4,4,10,5.0,60,0,0,1,0
4,0.0,0,2,4,1,9,1,2,0.0,50,0,2,11,0
4,1.0,0,2,4,3,2,0,0,1.0,25,2,3,11,2
4,52.0,1,4,4,3,3,0,10,3.0,2,2,7,10,1
4,0.0,0,5,0,3,5,3,2,4.0,60,1,6,5,0
4,65.0,1,3,0,1,8,3,2,0.0,6,2,0,11,1
4,0.0,0,5,4,0,6,1,4,1.0,25,2,7,3,0
1,1.0,0,4,0,2,5,0,2,1.0,35,0,1,4,0
4,486.0,0,5,0,0,5,0,2,0.0,2,2,0,5,0
3,42.0,0,2,4,4,5,3,5,3.0,15,2,6,7,0
4,312.0,1,4,1,3,2,3,2,1.0,4,2,6,4,1
4,209.0,0,4,4,3,0,4,4,3.0,4,1,7,3,0
4,223.0,0,5,0,1,8,1,8,0.0,0,0,7,11,0
4,12.0,0,0,0,3,8,0,4,0.0,8,2,6,6,1
4,131.0,1,4,0,1,5,0,4,6.0,10,2,2,3,0
0,3.0,0,4,0,3,5,0,2,2.0,4,2,2,6,0
3,162.0,1,1,0,1,1,0,4,0.0,6,0,3,4,0
4,0.0,0,5,0,1,0,0,2,0.0,4,1,7,1,2
1,2.0,0,5,0,0,8,3,2,4.0,25,3,0,4,0
0,111.0,1,4,0,3,5,1,2,2.0,25,2,2,1,1
3,95.0,1,5,0,0,5,1,5,7.0,7,0,7,0,1
4,2.0,0,5,0,2,4,2,4,1.0,160,0,0,10,1
4,276.0,1,4,4,3,7,3,2,1.0,15,2,2,3,0
1,82.0,0,4,4,0,5,0,4,0.0,50,0,6,5,1
4,83.0,1,4,0,0,5,3,2,6.0,45,1,1,1,2
0,98.0,1,2,0,3,5,1,2,3.0,2,2,2,3,1
1,492.0,0,5,0,0,8,4,10,2.0,10,2,7,4,1
4,170.0,1,3,0,3,5,2,5,2.0,25,2,7,4,0
1,11.0,0,4,0,0,5,4,4,3.0,60,2,8,7,0
0,252.0,0,1,0,4,7,3,4,2.0,6,2,2,11,0
1,329.0,1,3,0,3,0,3,4,1.0,8,0,7,3,1
4,240.0,1,0,5,0,2,2,8,1.0,0,1,4,0,0
4,125.0,1,4,0,1,7,1,3,1.0,60,1,7,2,0
1,1.0,0,5,4,0,5,1,10,1.0,50,0,7,3,1
4,255.0,1,4,0,3,3,0,2,0.0,35,2,7,4,0
4,220.0,0,4,0,4,8,3,10,0.0,30,0,8,3,1
4,2.0,0,0,0,1,5,0,5,1.0,15,0,2,4,0
1,253.0,0,5,5,2,5,3,4,0.0,60,0,6,4,1
4,115.0,1,4,7,3,4,0,8,1.0,25,2,2,4,1
4,167.0,0,4,0,1,5,2,2,1.0,35,1,7,1,0
4,298.0,1,4,0,0,5,1,8,1.0,150,2,7,2,0
4,9.0,0,3,0,1,1,3,10,4.0,7,0,2,11,2
1,3.0,0,4,0,0,1,0,4,0.0,10,1,3,9,1
4,0.0,0,5,0,2,4,3,2,0.0,15,2,0,4,1
4,422.0,0,5,4,3,5,0,6,0.0,4,2,7,2,0
4,2.0,0,4,0,0,8,1,3,1.0,6,0,2,1,2
4,319.0,1,0,0,3,8,1,2,6.0,6,2,2,4,0
4,208.0,1,2,0,0,6,2,8,0.0,15,1,2,3,0
4,290.0,1,1,0,3,3,0,2,0.0,30,2,6,6,1
1,13.0,1,5,0,3,1,1,2,6.0,15,0,2,3,1
4,25.0,1,4,4,2,4,1,2,3.0,20,0,2,4,0
3,59.0,1,5,0,3,8,3,2,0.0,10,2,7,4,0
1,0.0,0,5,0,3,3,0,3,1.0,25,1,2,4,1
4,310.0,1,3,0,3,2,0,2,1.0,60,2,2,4,0
4,224.0,1,1,4,0,1,3,2,2.0,35,2,2,4,0
4,116.0,0,0,4,4,5,4,0,1.0,60,0,3,4,1
0,4.0,1,4,0,3,6,1,4,5.0,25,2,3,10,1
4,191.0,0,1,0,0,6,2,8,1.0,15,0,7,1,2
1,316.0,0,1,0,0,2,0,5,0.0,20,0,3,1,0
4,99.0,1,4,0,1,8,3,6,0.0,90,0,4,6,0
3,0.0,0,5,4,0,8,3,3,0.0,70,0,2,11,0
3,8.0,0,1,0,1,8,0,2,1.0,20,1,2,10,0
1,3.0,0,2,4,3,5,0,2,0.0,25,0,3,7,0
4,132.0,1,0,1,0,1,0,0,5.0,8,2,2,3,0
4,141.0,0,1,0,3,4,0,4,4.0,15,2,7,10,1
3,6.0,0,4,0,3,6,0,5,1.0,80,0,2,10,0
4,75.0,0,4,4,3,6,3,2,1.0,20,1,7,3,1
4,291.0,1,1,4,3,5,3,0,3.0,40,2,6,4,1
4,3.0,0,4,0,3,2,3,4,0.0,25,2,3,9,1
1,169.0,0,5,0,1,4,2,2,1.0,15,1,2,4,0
3,38.0,1,5,0,3,5,3,2,1.0,45,2,6,7,1
3,61.0,1,4,0,3,4,0,3,0.0,50,2,2,4,1
3,8.0,0,4,0,3,3,0,8,2.0,7,0,2,4,0
3,510.0,0,1,0,0,6,1,4,1.0,170,1,8,10,0
4,160.0,1,2,0,0,3,2,0,6.0,90,0,2,2,0
4,115.0,1,4,0,0,5,1,4,4.0,15,0,3,4,1
4,344.0,0,1,4,1,5,0,2,0.0,8,0,7,3,0
4,71.0,1,0,0,0,1,4,4,3.0,80,2,6,1,2
3,326.0,1,4,0,3,3,0,2,0.0,30,1,6,3,1
4,300.0,1,2,0,1,3,2,5,2.0,2,2,7,4,1
1,0.0,0,0,0,0,4,4,4,0.0,35,2,7,3,1
4,60.0,1,5,4,3,8,3,10,0.0,15,2,6,8,0
4,148.0,0,4,0,1,5,0,4,1.0,2,2,7,4,1
4,331.0,1,5,0,3,8,3,2,6.0,25,0,2,3,0
4,13.0,0,1,0,1,5,0,5,1.0,1,2,7,10,1
4,322.0,1,4,3,1,5,0,3,0.0,40,2,2,4,1
4,0.0,0,5,4,1,5,0,2,1.0,25,0,3,6,0
4,243.0,0,1,6,3,5,4,5,0.0,160,2,2,2,0
3,23.0,1,5,4,4,7,2,2,1.0,90,2,7,11,2
4,301.0,0,5,1,3,5,1,5,1.0,15,0,6,1,1
4,41.0,1,5,4,2,5,0,4,0.0,35,1,2,7,0
4,160.0,1,3,0,3,5,2,2,1.0,9,2,1,9,0
4,0.0,0,4,0,2,5,4,6,1.0,10,2,6,4,1
3,304.0,1,5,0,1,4,1,10,2.0,7,2,3,10,0
4,34.0,0,2,4,3,5,0,2,5.0,0,1,7,0,1
4,245.0,1,1,0,0,2,2,2,4.0,8,2,6,4,1
4,168.0,1,4,4,0,1,1,4,5.0,70,1,2,4,0
4,0.0,0,5,0,0,4,1,10,4.0,15,1,6,4,0
4,135.0,1,5,4,0,5,0,2,5.0,7,1,6,11,1
0,143.0,1,4,0,3,2,1,2,1.0,3,0,2,4,0
4,136.0,0,5,4,1,5,4,2,0.0,25,2,1,10,1
4,71.0,1,3,0,3,4,1,2,0.0,20,2,7,10,1
4,69.0,1,5,4,3,7,3,10,0.0,30,2,2,10,1
4,255.0,1,4,0,2,1,0,4,3.0,1,2,1,11,0
4,248.0,0,5,4,1,6,1,2,0.0,180,0,6,1,2
1,50.0,1,4,0,1,1,2,4,0.0,3,0,2,0,0
4,0.0,0,5,5,0,5,0,2,5.0,9,0,3,4,1
4,128.0,0,4,0,0,4,1,4,4.0,30,2,6,9,0
4,0.0,0,3,4,0,2,3,10,4.0,70,0,2,11,0
4,59.0,1,4,0,3,6,0,4,3.0,1,1,0,4,1
4,0.0,0,4,0,3,8,2,4,1.0,8,2,7,1,2
4,162.0,1,0,4,1,8,1,2,1.0,10,2,6,1,1
4,99.0,0,2,0,3,0,0,5,6.0,30,1,2,0,1
4,74.0,0,1,0,3,3,0,4,2.0,60,0,2,8,1
2,214.0,1,2,4,1,5,0,2,1.0,60,0,2,11,0
4,10.0,0,1,0,0,5,1,2,2.0,2,1,2,2,0
0,1.0,1,1,0,1,1,2,4,4.0,15,1,7,10,1
4,1.0,0,4,0,3,3,3,2,0.0,5,2,7,3,0
4,267.0,0,3,0,2,3,1,6,5.0,6,2,2,6,1
4,254.0,1,1,1,0,5,0,2,1.0,40,2,6,7,1
3,492.0,0,2,0,2,4,4,2,3.0,0,2,6,10,1
4,7.0,0,1,0,0,4,1,2,1.0,20,2,3,3,0
3,25.0,1,5,0,1,5,0,3,1.0,15,2,2,5,1
4,156.0,1,1,0,0,5,3,2,0.0,45,0,2,3,1
4,0.0,0,5,0,1,5,1,2,1.0,35,1,2,11,1
4,0.0,0,4,4,1,5,1,10,2.0,2,1,1,0,0
4,0.0,0,5,0,0,9,1,2,1.0,20,0,6,9,0
4,0.0,0,2,0,0,9,1,4,1.0,2,2,7,4,0
4,1.0,0,4,4,3,5,0,2,4.0,25,2,2,7,0
0,243.0,1,4,0,0,5,0,2,1.0,3,1,6,7,0
4,12.0,0,0,0,0,5,2,4,0.0,20,2,6,9,0
4,240.0,0,5,0,3,5,3,4,0.0,9,2,0,10,1
1,4.0,0,0,0,2,5,2,2,0.0,0,2,6,6,1
3,0.0,0,4,4,1,8,0,8,2.0,10,0,2,1,0
1,330.0,1,4,5,4,8,1,2,0.0,40,2,6,1,1
4,205.0,1,2,4,0,5,2,2,4.0,10,2,2,10,1
4,253.0,1,0,0,3,5,0,2,4.0,40,2,1,5,0
4,19.0,0,4,0,3,2,3,4,2.0,9,0,6,2,0
0,48.0,1,1,1,3,1,1,2,1.0,25,2,2,10,1
3,0.0,0,5,0,0,6,3,2,1.0,25,2,4,5,0
3,0.0,0,4,0,4,5,3,2,6.0,7,0,6,4,1
4,177.0,1,1,0,4,3,0,6,3.0,60,2,2,11,0
4,0.0,0,1,4,3,1,1,2,3.0,15,2,7,11,0
4,182.0,0,3,7,2,1,0,4,5.0,50,1,2,4,0
1,244.0,1,2,4,2,5,0,3,1.0,130,0,7,2,0
4,0.0,0,1,0,0,8,0,5,3.0,40,1,8,3,0
4,37.0,1,5,0,0,0,0,2,3.0,7,2,6,1,1
4,0.0,0,1,0,3,1,3,2,7.0,8,1,6,9,0
4,11.0,0,4,0,3,2,3,4,0.0,20,2,1,6,1
3,6.0,0,2,0,3,3,3,2,1.0,0,2,6,3,0
4,341.0,1,4,4,0,1,3,4,2.0,100,2,8,4,0
3,12.0,0,0,7,2,2,1,0,1.0,15,2,1,0,0
4,11.0,1,4,0,0,5,3,2,5.0,3,2,2,2,0
3,166.0,1,2,0,3,5,4,5,2.0,20,2,7,7,0
3,57.0,1,4,0,3,5,1,2,2.0,15,2,2,9,1
4,15.0,0,5,0,0,5,1,6,3.0,180,0,2,2,0
4,67.0,0,1,1,2,2,1,2,0.0,45,2,2,7,1
4,50.0,1,0,4,1,6,0,4,3.0,30,2,7,4,0
4,29.0,1,1,1,2,6,4,4,0.0,5,1,7,6,0
3,7.0,0,4,0,4,4,3,1,1.0,30,0,2,0,1
4,0.0,0,5,4,0,5,1,8,2.0,50,1,6,0,1
4,278.0,0,5,0,1,4,0,4,5.0,160,2,2,4,1
4,53.0,1,3,4,0,5,0,10,0.0,15,2,7,10,1
4,3.0,0,3,4,1,8,0,10,3.0,35,1,7,7,1
4,260.0,1,1,4,1,0,0,2,3.0,9,2,2,2,0
1,291.0,1,4,0,0,5,4,2,2.0,7,1,2,4,0
4,13.0,0,1,1,3,5,1,2,1.0,20,2,2,11,1
4,155.0,1,3,0,0,4,3,4,0.0,80,2,6,7,1
4,5.0,0,5,0,0,2,2,5,1.0,15,2,2,4,0
0,246.0,1,2,0,3,8,0,2,0.0,2,1,2,9,0
4,225.0,0,0,4,3,8,3,4,1.0,30,1,2,2,0
4,0.0,0,5,4,3,5,3,2,1.0,0,1,1,9,0
3,0.0,0,3,0,2,6,1,8,7.0,140,1,2,6,0
1,519.0,0,4,0,3,5,3,4,1.0,70,0,8,9,0
4,339.0,1,5,1,1,1,4,1,0.0,30,1,6,4,0
4,115.0,1,4,4,1,4,1,1,0.0,30,0,2,1,0
1,150.0,0,5,0,3,6,0,5,1.0,70,2,3,6,0
0,22.0,1,5,0,3,2,0,10,1.0,30,2,6,10,0
4,360.0,0,4,7,0,8,3,2,1.0,15,2,7,11,2
4,460.0,0,1,0,2,5,2,4,2.0,3,2,6,6,1
4,0.0,0,1,0,0,2,3,2,0.0,15,2,6,4,0
4,56.0,1,1,4,3,6,2,2,4.0,10,2,7,3,0
4,0.0,0,0,0,3,1,3,2,1.0,25,0,6,3,0
3,233.0,0,5,4,4,6,1,6,1.0,30,3,1,7,0
1,237.0,1,5,0,3,5,3,4,0.0,50,2,8,11,0
4,6.0,0,0,0,3,6,3,2,1.0,30,2,7,11,0
4,135.0,1,5,0,3,5,0,10,0.0,6,2,2,9,0
4,3.0,0,5,4,3,6,1,2,0.0,1,0,2,1,2
4,82.0,1,1,1,3,5,3,2,6.0,40,2,7,10,0
4,342.0,1,5,4,1,8,2,2,1.0,100,2,7,3,0
4,0.0,0,4,0,0,2,4,4,0.0,60,1,7,0,1
4,0.0,0,4,4,1,8,3,10,1.0,25,2,2,11,0
4,266.0,1,3,3,0,5,2,2,0.0,80,2,4,9,0
0,0.0,0,4,7,0,5,1,10,0.0,60,2,6,4,1
3,115.0,1,5,0,3,4,2,10,0.0,9,2,6,3,0
0,131.0,1,5,0,0,2,1,2,1.0,25,2,2,4,1
4,6.0,0,1,0,3,5,0,4,3.0,80,2,6,4,0
4,8.0,0,4,0,0,8,3,2,3.0,35,2,2,0,1
4,517.0,0,5,1,0,6,3,3,2.0,10,0,2,11,1
4,2.0,0,4,7,1,8,3,2,0.0,9,0,3,11,2
3,88.0,1,4,0,3,5,2,4,4.0,60,0,1,0,0
4,216.0,0,0,4,0,7,4,2,2.0,9,0,7,4,0
4,30.0,1,4,1,0,5,1,10,1.0,30,2,6,1,1
4,7.0,0,5,0,0,3,3,4,7.0,35,2,0,11,0
4,61.0,1,4,4,3,5,4,2,5.0,0,0,6,2,0
1,11.0,0,3,0,0,9,3,2,2.0,10,1,2,2,0
4,0.0,0,5,4,0,5,1,10,0.0,190,2,2,4,1
4,10.0,0,4,4,0,5,1,4,1.0,70,1,7,3,0
4,326.0,0,1,0,3,6,0,4,2.0,10,2,2,8,0
0,281.0,1,4,0,0,2,0,4,1.0,30,2,3,10,1
4,0.0,0,4,0,1,5,3,4,0.0,20,0,6,5,0
0,151.0,1,2,4,2,8,0,3,0.0,90,2,4,6,0
4,150.0,0,4,6,1,5,3,2,2.0,9,1,2,5,0
4,220.0,1,4,4,2,6,3,4,2.0,60,2,2,2,0
4,0.0,0,3,0,3,5,3,5,3.0,15,1,6,7,0
1,133.0,1,4,4,0,5,0,2,0.0,30,2,4,10,1
3,9.0,0,4,0,0,5,3,2,2.0,30,0,6,4,1
4,180.0,1,3,0,1,8,0,2,6.0,15,2,2,2,0
4,78.0,0,4,4,0,5,3,2,3.0,50,2,7,11,1
1,10.0,1,3,4,1,1,3,2,4.0,3,2,1,4,0
4,287.0,1,4,4,3,3,4,4,0.0,20,2,2,1,0
3,140.0,0,5,0,3,5,0,10,1.0,20,2,7,3,0
4,194.0,1,4,4,4,5,0,4,0.0,5,2,7,5,0
4,5.0,0,4,4,0,5,0,10,1.0,35,2,2,8,0
4,199.0,0,4,0,3,5,2,4,5.0,30,2,0,11,0
4,274.0,0,5,4,2,5,3,4,2.0,5,2,7,7,0
4,0.0,0,5,0,0,5,0,10,1.0,3,1,7,4,0
4,222.0,1,1,0,3,3,2,0,1.0,3,1,8,1,1
0,0.0,0,3,0,3,2,3,3,1.0,15,2,6,7,0
4,257.0,1,5,4,1,5,3,5,2.0,15,0,2,3,1
4,230.0,1,1,4,3,5,1,2,1.0,4,0,7,0,1
4,138.0,1,5,4,3,5,0,5,1.0,50,2,6,1,2
0,103.0,0,2,4,1,2,3,5,1.0,20,1,3,10,0
3,324.0,1,5,4,0,2,4,2,5.0,30,2,2,2,0
4,114.0,0,1,6,0,2,1,0,0.0,150,0,2,4,1
3,108.0,0,3,5,3,5,0,2,0.0,40,2,2,6,1
4,0.0,0,5,0,0,5,3,5,0.0,70,2,2,4,0
0,297.0,0,0,5,3,4,0,0,0.0,20,2,6,4,0
4,335.0,1,1,4,0,5,0,4,0.0,35,0,8,1,0
4,172.0,1,1,4,2,8,1,2,2.0,1,1,7,1,0
1,0.0,0,1,0,2,8,3,5,1.0,2,2,3,3,1
3,11.0,0,1,4,3,3,2,2,0.0,80,2,0,1,2
4,244.0,1,4,0,3,2,1,5,0.0,20,0,6,3,0
0,0.0,0,1,0,0,9,3,2,1.0,2,2,8,3,1
4,278.0,1,2,0,4,5,3,5,6.0,30,0,6,4,0
4,118.0,1,5,0,0,0,4,2,2.0,30,2,8,0,0
4,32.0,1,0,0,1,3,2,2,0.0,30,0,6,3,1
4,261.0,1,5,0,3,5,2,3,1.0,25,2,6,3,0
1,1.0,0,1,0,0,5,1,0,1.0,150,2,3,4,0
4,123.0,1,5,0,1,5,0,3,1.0,35,0,2,2,0
1,291.0,0,4,4,3,3,3,10,5.0,25,2,6,11,1
1,318.0,1,5,4,0,5,3,2,1.0,4,0,2,4,0
4,0.0,0,1,0,0,5,1,8,2.0,15,0,8,3,0
0,183.0,1,5,0,0,6,1,2,0.0,70,2,3,4,0
4,137.0,1,1,0,0,2,0,0,1.0,5,2,7,7,0
0,0.0,0,5,5,3,5,1,2,4.0,40,2,2,9,1
4,196.0,1,5,1,3,5,0,2,1.0,2,1,2,6,1
4,9.0,0,0,0,3,1,0,2,2.0,30,2,7,1,2
1,240.0,1,0,0,0,5,3,0,4.0,6,2,6,1,2
4,351.0,0,5,6,0,5,3,2,1.0,6,0,7,5,0
4,337.0,1,2,4,0,3,4,2,1.0,8,1,6,3,0
3,179.0,1,2,0,4,2,1,1,1.0,30,2,2,10,0
4,0.0,0,5,4,1,3,1,4,4.0,30,2,2,1,0
4,33.0,1,4,4,1,8,3,2,1.0,100,0,7,11,0
4,136.0,1,5,0,0,2,1,2,0.0,15,2,7,6,0
1,85.0,1,5,0,0,5,0,10,1.0,7,1,2,3,0
4,345.0,1,5,4,3,5,0,2,1.0,90,1,6,4,0
4,300.0,0,2,4,0,1,1,2,1.0,40,2,7,10,1
4,307.0,1,5,0,0,5,2,2,1.0,8,0,2,5,1
4,191.0,0,4,4,0,5,0,5,1.0,35,2,7,4,0
4,63.0,1,5,0,0,5,0,10,1.0,9,1,2,4,1
3,2.0,0,5,0,3,6,1,2,0.0,10,2,4,3,1
3,359.0,0,0,4,1,5,3,2,0.0,50,2,2,3,0
4,14.0,1,1,0,1,6,0,2,2.0,70,1,2,3,0
4,11.0,0,5,0,1,2,3,2,3.0,60,2,2,4,1
1,322.0,1,5,0,3,8,1,1,3.0,70,2,7,6,0
4,313.0,1,0,0,3,1,1,0,3.0,8,0,2,7,0
4,171.0,1,1,0,2,7,1,5,0.0,120,2,7,4,0
1,230.0,1,0,0,2,6,0,2,0.0,7,0,7,10,0
4,8.0,1,4,0,0,5,3,4,0.0,9,2,2,10,1
0,154.0,0,1,0,1,8,1,4,0.0,20,2,6,6,0
4,206.0,1,4,0,4,3,3,2,0.0,25,0,7,2,0
4,130.0,0,5,0,3,8,3,10,1.0,4,2,2,3,1
4,208.0,0,1,0,1,5,4,0,0.0,25,0,2,10,1
4,80.0,0,2,0,0,4,3,2,0.0,30,2,3,0,1
0,109.0,1,5,5,4,8,1,4,1.0,80,0,2,4,0
4,236.0,1,3,4,2,5,0,4,3.0,190,2,1,5,0
4,477.0,0,4,4,3,5,0,4,4.0,3,0,0,9,1
4,187.0,1,5,4,3,1,3,2,0.0,15,1,8,1,0
4,5.0,0,4,0,0,6,1,10,0.0,7,1,7,7,1
4,112.0,1,5,0,1,2,0,4,1.0,15,0,2,7,0
4,10.0,0,5,4,3,3,3,2,0.0,30,0,2,4,0
3,41.0,1,3,0,1,5,2,10,0.0,50,0,6,6,0
3,232.0,0,1,4,3,5,0,2,0.0,35,2,2,0,1
3,195.0,1,4,0,3,5,0,4,0.0,0,2,4,6,0
4,8.0,0,5,4,3,3,0,8,1.0,10,2,2,8,0
4,0.0,0,4,0,2,7,0,4,6.0,60,0,4,3,1
4,498.0,0,4,0,0,8,0,3,2.0,15,2,2,11,1
4,64.0,1,5,0,3,0,0,4,5.0,30,2,7,1,0
4,335.0,0,1,0,0,8,0,2,0.0,40,2,6,2,0
4,338.0,1,4,0,3,9,3,2,0.0,45,0,2,2,0
0,12.0,0,4,2,0,3,0,4,4.0,25,0,0,4,0
4,138.0,1,5,0,3,5,1,4,1.0,9,2,6,3,0
3,226.0,1,1,0,3,4,4,4,0.0,20,2,7,9,0
4,98.0,1,3,4,0,1,1,8,3.0,30,2,6,0,1
4,133.0,1,1,0,3,5,1,4,4.0,8,2,2,1,1
4,118.0,0,3,0,3,2,0,2,0.0,9,2,2,5,0
1,326.0,1,4,4,4,5,3,3,0.0,40,2,0,11,2
3,0.0,0,1,0,3,5,1,2,0.0,25,2,7,3,0
4,361.0,0,5,0,3,5,0,3,2.0,60,2,6,7,0
4,25.0,1,5,0,2,5,4,2,0.0,30,0,2,1,2
4,241.0,1,5,4,1,5,0,2,0.0,15,0,2,2,0
3,0.0,0,5,0,3,5,3,4,0.0,50,2,7,4,1
4,13.0,0,3,0,3,4,1,4,2.0,70,2,2,6,1
4,146.0,1,0,0,3,5,1,2,1.0,10,2,6,7,1
1,87.0,1,4,4,1,0,3,2,1.0,35,2,7,0,1
4,7.0,0,5,0,2,5,0,3,1.0,35,2,6,10,1
4,57.0,0,4,0,0,2,0,4,4.0,40,1,2,3,0
4,215.0,1,5,0,3,4,2,2,0.0,10,2,2,11,0
0,181.0,1,5,4,3,4,1,2,1.0,15,0,6,10,0
4,12.0,0,3,0,0,8,0,6,1.0,15,2,6,11,1
4,153.0,1,0,4,3,5,3,2,2.0,50,2,1,6,1
4,1.0,0,0,5,0,6,0,6,1.0,70,1,2,9,0
4,185.0,1,0,4,3,5,3,2,0.0,30,2,7,1,2
4,19.0,1,5,5,1,5,3,2,3.0,40,3,0,3,0
4,196.0,1,5,0,4,5,0,2,0.0,25,2,0,10,0
3,161.0,1,0,0,3,3,2,5,0.0,40,2,8,1,1
4,98.0,1,0,0,3,8,0,4,7.0,6,0,2,9,0
4,195.0,1,3,5,0,5,4,2,1.0,6,0,2,4,0
4,332.0,1,1,0,3,2,3,5,0.0,10,0,0,6,1
0,43.0,1,4,0,3,8,4,2,3.0,4,2,6,10,1
1,52.0,1,5,0,3,3,0,4,0.0,10,2,2,0,0
4,0.0,0,4,5,0,6,1,10,4.0,20,2,6,3,1
5,226.0,0,4,0,0,4,2,2,0.0,70,1,0,9,1
4,26.0,1,4,4,1,6,1,10,0.0,30,2,7,1,2
1,208.0,0,5,5,0,6,3,5,3.0,0,2,8,5,1
3,313.0,1,2,0,0,4,0,2,1.0,70,0,2,10,0
1,63.0,0,1,0,4,2,4,2,1.0,90,2,7,11,1
4,0.0,0,5,0,1,5,0,10,1.0,50,0,6,7,0
4,336.0,1,4,0,1,8,0,4,0.0,35,0,7,4,1
0,321.0,1,4,0,0,5,2,5,0.0,90,0,3,1,1
3,239.0,1,3,0,0,2,3,2,4.0,25,0,6,2,0
4,0.0,0,4,7,0,1,1,2,1.0,15,0,6,4,1
0,137.0,0,4,0,1,8,2,4,2.0,140,2,3,8,1
4,340.0,1,2,0,0,7,0,3,0.0,30,2,7,1,2
4,339.0,0,1,0,1,4,4,0,0.0,30,1,7,3,1
4,0.0,0,4,4,1,5,3,10,5.0,10,2,2,10,1
4,160.0,0,2,0,0,5,1,8,1.0,1,2,3,0,0
4,105.0,0,5,4,3,8,3,2,1.0,15,2,1,3,0
4,11.0,0,4,4,3,2,2,4,1.0,160,0,6,2,0
4,0.0,0,5,0,0,0,3,2,1.0,50,2,6,7,1
4,35.0,1,1,0,2,6,0,2,4.0,70,2,6,1,0
4,98.0,0,4,4,3,5,1,10,0.0,60,2,7,11,0
4,508.0,0,5,0,3,2,1,3,1.0,35,2,2,11,1
0,36.0,1,0,5,3,2,1,2,3.0,50,2,7,11,0
4,97.0,1,5,5,1,5,1,2,2.0,1,0,3,5,1
4,270.0,0,3,1,3,5,0,2,3.0,50,0,7,3,1
0,321.0,0,5,0,0,5,1,4,3.0,5,1,6,11,1
1,160.0,1,5,0,2,2,3,4,1.0,60,2,2,7,1
4,0.0,0,4,5,1,5,1,4,5.0,45,1,2,11,2
4,37.0,1,4,0,0,5,1,4,1.0,60,0,2,3,0
0,6.0,0,4,4,0,3,2,4,0.0,45,1,7,2,0
4,187.0,0,4,0,0,8,1,10,0.0,0,2,0,5,0
4,105.0,0,2,4,4,3,0,2,5.0,25,2,6,6,0
3,12.0,0,4,4,0,1,0,2,1.0,15,0,7,1,0
4,4.0,0,5,4,3,5,0,8,1.0,15,2,2,1,0
4,114.0,1,2,0,1,8,0,4,0.0,0,2,6,9,1
4,33.0,1,5,0,0,5,0,4,6.0,45,2,6,8,1
3,37.0,1,4,4,1,5,3,10,1.0,15,1,6,9,0
4,76.0,1,5,0,4,4,1,8,0.0,45,0,6,2,0
0,323.0,0,2,0,1,8,0,2,1.0,45,2,3,2,0
3,121.0,1,5,0,3,1,1,2,1.0,20,2,1,1,0
4,20.0,1,4,4,3,5,1,10,2.0,15,2,2,9,0
4,158.0,1,4,0,1,5,0,10,0.0,20,0,2,0,0
4,487.0,0,5,0,1,5,4,4,0.0,6,0,3,5,0
3,0.0,0,4,4,1,1,2,10,1.0,15,2,7,4,0
3,479.0,0,4,0,3,5,3,2,0.0,10,2,0,8,0
4,234.0,1,4,4,3,5,0,2,1.0,20,2,7,4,0
4,311.0,1,1,0,0,1,0,4,5.0,50,1,7,10,0
4,276.0,1,5,0,3,5,1,2,2.0,45,2,6,1,0
0,285.0,1,4,0,4,0,0,2,1.0,30,0,2,9,0
4,174.0,0,3,5,3,6,1,4,1.0,35,0,2,5,0
3,32.0,1,5,6,3,5,1,10,1.0,35,2,7,10,1
1,124.0,1,4,4,0,4,3,4,1.0,160,0,2,4,0
0,301.0,1,4,0,0,4,0,2,3.0,7,1,6,4,0
4,103.0,1,4,0,3,1,0,10,4.0,140,0,4,9,0
4,293.0,1,4,4,3,5,2,2,1.0,9,2,3,10,0
4,0.0,0,1,4,1,5,3,4,2.0,3,2,2,11,0
3,129.0,1,5,0,3,8,1,2,4.0,25,2,7,8,0
4,0.0,0,4,4,0,5,2,5,1.0,15,1,2,4,1
1,37.0,0,2,4,0,8,3,2,0.0,50,2,2,0,1
0,247.0,1,4,4,2,8,3,4,5.0,25,0,7,10,0
4,8.0,0,4,0,3,4,2,2,1.0,25,2,6,4,0
4,233.0,1,1,0,0,4,3,2,2.0,25,0,4,1,2
4,105.0,1,3,4,0,9,4,2,7.0,60,2,0,1,0
4,91.0,0,2,7,3,5,0,2,3.0,25,2,2,7,0
0,260.0,1,4,4,3,3,0,4,4.0,35,1,6,1,0
4,264.0,1,2,1,0,1,1,0,0.0,5,1,2,7,0
4,292.0,1,5,0,3,8,1,10,7.0,30,2,7,4,0
1,7.0,0,4,4,4,3,2,8,0.0,15,2,2,9,0
1,328.0,1,5,4,3,5,3,4,7.0,20,0,6,2,0
1,145.0,1,3,0,3,4,1,5,7.0,15,2,2,1,1
4,34.0,1,4,0,3,4,4,2,0.0,8,2,2,11,1
3,17.0,1,4,1,3,6,4,2,2.0,45,2,2,7,1
4,119.0,1,4,4,3,5,4,2,1.0,80,0,2,3,1
4,0.0,0,4,0,1,5,0,2,0.0,20,0,2,9,1
4,229.0,1,2,4,3,6,1,2,2.0,15,2,7,10,1
4,407.0,0,5,0,3,5,4,10,1.0,15,0,2,11,1
4,197.0,1,0,0,0,2,1,2,1.0,120,2,6,2,0
4,213.0,1,1,0,3,8,3,2,0.0,70,0,7,6,0
0,171.0,1,4,0,3,6,3,8,7.0,9,2,2,0,0
0,13.0,1,5,0,4,5,0,3,1.0,5,2,6,10,1
4,7.0,0,4,0,0,3,0,2,4.0,3,0,2,5,1
3,54.0,1,4,4,3,5,3,10,2.0,15,1,2,3,0
0,119.0,1,5,4,0,5,1,2,1.0,70,2,2,0,1
4,63.0,1,2,4,3,5,1,0,1.0,15,2,2,7,1
3,244.0,1,1,4,3,4,0,0,0.0,8,2,2,0,1
4,219.0,1,4,0,3,3,1,5,1.0,130,0,6,4,1
3,433.0,0,2,0,0,4,0,4,2.0,40,2,2,11,1
1,183.0,1,4,0,0,3,3,10,2.0,2,0,6,7,0
4,78.0,0,0,5,0,5,1,1,4.0,25,2,7,3,1
4,0.0,0,4,0,1,4,3,5,0.0,6,2,0,3,1
3,117.0,1,2,4,3,5,0,2,0.0,25,2,7,3,0
4,6.0,0,4,0,3,5,2,4,1.0,10,0,3,5,1
4,265.0,0,0,7,0,3,1,2,0.0,7,0,6,1,2
4,214.0,1,4,0,4,8,1,4,2.0,60,0,6,4,1
4,122.0,0,4,1,3,8,3,4,3.0,60,2,6,3,0
4,334.0,0,3,0,3,8,3,2,1.0,1,2,2,11,2
4,303.0,1,4,0,4,2,0,2,4.0,35,2,2,4,0
1,182.0,1,5,0,3,3,0,1,3.0,10,0,2,10,0
1,0.0,0,5,0,3,5,0,4,0.0,45,2,2,2,0
4,419.0,0,2,0,0,8,0,3,1.0,60,0,6,3,1
4,126.0,1,2,4,0,2,1,2,2.0,45,0,6,3,0
4,10.0,0,4,1,0,1,3,2,1.0,190,0,0,2,0
1,0.0,0,4,4,1,2,2,2,4.0,40,1,2,11,1
4,164.0,0,3,0,3,5,1,4,0.0,2,2,6,10,0
4,261.0,1,5,0,3,5,0,2,0.0,10,2,2,1,1
4,98.0,1,3,1,3,8,1,2,0.0,90,0,7,9,1
1,2.0,0,3,4,1,2,4,2,1.0,10,2,3,10,0
0,30.0,1,4,0,3,4,3,2,3.0,15,2,3,1,0
1,313.0,0,5,4,3,5,3,10,4.0,2,0,2,4,1
4,11.0,0,4,4,2,5,1,4,0.0,5,1,2,4,0
1,0.0,0,5,0,0,5,0,2,1.0,4,0,3,9,0
1,287.0,0,1,4,1,8,4,2,0.0,140,2,2,4,0
4,53.0,1,4,0,3,1,2,2,5.0,35,1,8,10,0
4,257.0,1,1,0,0,6,1,3,0.0,3,1,6,10,0
4,6.0,0,1,0,3,5,0,8,0.0,35,2,8,9,0
4,1.0,0,2,4,3,5,1,2,1.0,50,0,7,1,0
4,197.0,0,1,0,3,4,0,4,1.0,25,2,2,9,0
4,0.0,0,5,6,3,5,1,2,2.0,9,0,3,4,0
0,287.0,1,1,4,0,5,1,4,2.0,15,2,7,10,1
3,170.0,1,5,4,0,5,0,2,4.0,2,2,2,9,1
4,13.0,0,0,4,3,1,2,3,1.0,15,0,2,6,0
3,46.0,1,2,4,1,5,3,0,0.0,25,0,2,3,0
4,0.0,0,3,0,0,2,1,2,1.0,15,2,2,11,0
0,236.0,1,0,4,0,6,1,0,1.0,15,2,3,10,1
4,341.0,0,5,4,0,5,2,10,1.0,15,1,2,6,1
3,311.0,1,4,1,3,1,4,2,5.0,5,0,1,7,1
4,11.0,0,3,0,2,3,0,2,1.0,6,0,4,6,0
4,13.0,0,2,4,3,5,3,2,0.0,100,2,6,3,0
4,189.0,0,1,0,1,2,4,2,1.0,1,0,2,0,1
4,140.0,1,5,0,4,5,3,3,4.0,10,0,2,10,0
4,180.0,0,1,0,0,5,2,2,5.0,30,2,2,11,0
4,0.0,0,1,0,1,6,1,2,4.0,80,1,6,11,0
4,1.0,0,1,4,4,5,3,0,3.0,15,0,6,11,0
4,164.0,0,4,0,3,8,4,10,3.0,0,1,2,1,1
4,106.0,1,1,0,1,5,4,2,0.0,35,0,2,4,1
4,139.0,0,5,0,1,8,3,2,0.0,140,2,6,6,1
0,403.0,0,3,4,1,3,1,6,1.0,80,0,4,11,1
4,153.0,0,5,0,3,9,0,2,0.0,30,0,6,2,0
4,53.0,1,5,0,2,2,4,8,1.0,6,0,8,9,0
4,0.0,0,4,0,0,5,4,8,5.0,9,2,6,9,0
4,0.0,0,4,4,3,3,0,2,1.0,30,1,7,9,0
4,104.0,1,4,5,1,2,4,10,2.0,2,2,7,11,0
3,10.0,0,1,0,2,5,1,2,3.0,70,2,7,10,1
4,422.0,0,5,0,3,8,0,2,1.0,5,2,2,4,0
4,192.0,1,2,4,3,6,0,8,7.0,20,0,1,5,0
4,363.0,0,2,4,4,5,0,4,2.0,9,2,2,1,0
1,229.0,1,0,0,2,4,3,4,0.0,3,2,3,5,0
4,12.0,0,0,4,0,5,0,2,3.0,20,1,6,7,1
4,144.0,1,3,4,0,8,0,4,0.0,3,0,2,8,1
4,301.0,1,1,0,1,5,1,2,1.0,9,1,2,0,0
4,138.0,1,1,0,1,5,1,2,0.0,50,0,7,10,1
4,112.0,0,4,4,1,8,0,4,4.0,2,2,2,1,2
4,10.0,0,5,0,3,5,0,3,0.0,60,2,3,8,0
4,118.0,1,2,4,0,3,0,2,4.0,25,0,7,4,1
4,339.0,1,5,0,4,5,0,3,0.0,70,0,6,9,0
4,6.0,1,5,4,3,8,1,10,1.0,15,0,7,10,1
1,0.0,0,5,0,2,5,3,2,1.0,70,1,7,11,1
4,0.0,0,4,0,0,5,0,2,6.0,50,1,6,4,0
4,131.0,1,2,1,0,5,1,4,4.0,0,2,6,3,0
4,7.0,0,4,4,3,8,4,10,0.0,6,0,2,1,0
1,425.0,0,5,0,0,2,1,2,3.0,130,2,2,1,0
4,308.0,1,1,4,3,3,3,2,3.0,60,2,2,10,1
4,11.0,0,5,4,3,8,0,2,1.0,10,1,1,5,1
4,222.0,1,4,0,1,2,4,4,3.0,30,0,8,3,0
4,4.0,0,3,4,0,8,4,10,6.0,50,2,0,1,2
0,92.0,1,1,4,0,2,0,2,2.0,15,2,7,4,0
4,0.0,0,5,1,3,1,0,8,6.0,70,2,7,10,0
0,287.0,1,2,1,3,5,0,0,3.0,10,1,6,4,1
0,334.0,1,1,0,0,5,3,2,0.0,30,1,2,10,1
4,157.0,1,2,5,3,5,3,2,1.0,50,2,2,10,0
4,276.0,1,1,0,3,6,1,8,6.0,6,0,2,9,0
4,8.0,1,3,0,2,5,2,2,1.0,9,2,6,1,2
4,146.0,0,1,0,0,4,1,2,1.0,15,2,6,11,2
4,303.0,1,5,0,3,4,0,3,2.0,6,2,2,4,1
3,13.0,0,5,0,0,0,2,4,2.0,30,2,2,2,0
3,223.0,0,4,5,3,5,1,2,1.0,45,2,2,7,1
4,35.0,0,2,0,3,2,0,2,5.0,10,1,2,10,0
0,326.0,0,5,0,0,5,0,5,2.0,15,0,2,2,0
4,178.0,0,2,0,3,5,4,3,1.0,15,0,6,3,0
4,344.0,1,4,4,0,3,0,4,1.0,1,1,6,3,0
3,0.0,0,4,0,3,3,2,5,1.0,25,1,2,10,1
4,203.0,1,4,0,4,5,3,4,2.0,6,0,2,3,0
4,466.0,0,1,4,0,4,4,4,1.0,20,0,2,4,1
0,239.0,1,1,0,0,4,3,2,0.0,20,0,7,4,0
4,0.0,0,4,1,3,4,4,10,2.0,15,0,6,4,0
3,11.0,0,5,0,1,5,0,10,4.0,30,2,6,10,1
1,0.0,0,2,1,1,2,4,0,0.0,45,0,3,11,1
4,215.0,1,3,1,2,8,2,2,1.0,1,2,7,10,1
4,129.0,0,5,7,1,8,2,4,1.0,1,0,7,10,1
1,31.0,1,5,4,3,5,0,10,0.0,40,1,6,5,1
1,5.0,0,3,4,3,7,3,2,1.0,1,2,2,11,2
4,167.0,1,1,0,0,3,2,2,1.0,45,0,4,5,1
4,10.0,0,5,0,0,8,2,4,1.0,15,0,6,3,0
4,319.0,0,1,0,3,1,4,2,6.0,3,0,6,1,1
4,7.0,0,1,0,2,4,0,2,4.0,50,2,2,3,0
4,258.0,0,5,0,3,5,0,10,0.0,15,0,7,8,1
4,0.0,0,0,0,3,5,1,4,3.0,20,1,0,4,1
0,159.0,1,1,0,3,5,0,0,0.0,4,0,2,10,0
3,16.0,1,4,5,3,1,0,4,4.0,6,1,2,2,0
4,306.0,1,4,4,1,5,3,1,0.0,130,2,7,3,1
4,336.0,1,4,0,0,2,1,10,0.0,9,0,2,9,0
4,74.0,0,2,0,1,5,0,2,4.0,35,2,2,11,1
3,9.0,0,5,0,3,5,1,2,4.0,15,2,6,0,1
3,188.0,1,5,0,0,6,0,2,2.0,8,0,2,4,1
4,31.0,1,4,0,3,1,3,10,6.0,6,2,7,4,1
1,277.0,1,4,1,3,8,2,8,1.0,45,2,1,3,0
4,0.0,0,2,4,3,8,3,0,5.0,45,1,6,1,0
4,310.0,1,5,1,3,9,4,4,0.0,6,0,2,1,0
1,33.0,1,3,0,0,5,1,4,0.0,9,2,6,7,0
4,119.0,1,1,0,0,4,0,2,0.0,10,2,7,7,0
3,0.0,0,1,4,3,1,1,2,0.0,20,0,7,11,1
4,118.0,0,2,4,3,6,2,8,1.0,25,0,4,5,1
1,457.0,0,0,4,2,8,2,2,4.0,15,2,6,6,0
0,488.0,0,3,4,1,5,0,4,1.0,7,2,6,4,1
4,285.0,0,4,4,0,5,0,5,3.0,70,2,6,10,0
